,Go2 flat,Go2 bumps,Hexapod flat,Hexapod bumps
z_sigma_total_mm,21.080254359003128,10.829379833299605,24.315854240640085,13.641929432251198
z_sigma_total_mm_q1,18.19185005453685,9.14927021167784,4.8804329164175595,12.95572007923717
z_sigma_total_mm_q3,23.924954165930274,13.971673904007487,29.460523486976744,14.514519521994874
z_sigma_slow_mm,17.748414251993974,7.876911243886251,12.174939967631147,8.36472702543372
z_sigma_slow_mm_q1,14.086608407860105,7.10958922704109,2.272316767528906,7.2561251772327156
z_sigma_slow_mm_q3,21.429674820735382,12.137141067033959,18.795790692143278,9.65250216974946
z_sigma_gait_mm,10.939494902245755,6.7227873254479835,19.62404226564481,10.771441646239529
z_sigma_gait_mm_q1,9.961335269597505,5.713734780821436,4.194068581739144,10.022266323072165
z_sigma_gait_mm_q3,11.963864552016956,8.340322718298882,24.015690848554605,11.604830093351914
z_slow_share_pct,72.17097719277565,58.27970607581618,25.881747808930363,38.474842744611514
z_slow_share_pct_q1,63.941680673118185,51.83002648993177,19.83449728952747,31.697206097998713
z_slow_share_pct_q3,77.58435058259452,71.58169025633416,36.58758844296013,45.779652943367964
z_p95_mm,44.88360608617465,21.711837202310605,39.19752408564053,25.87305192649371
z_p95_mm_q1,39.68983237942059,17.48567676792541,9.873625710606557,24.439113512635295
z_p95_mm_q3,53.50449209411937,29.97990436851977,64.29160735756155,28.9838879555464
z_within_5mm_pct,14.583333333333332,35.66666666666667,61.083333333333336,26.833333333333336
z_within_5mm_pct_q1,10.666666666666668,30.791666666666668,34.91666666666667,23.833333333333332
z_within_5mm_pct_q3,19.291666666666668,44.541666666666664,72.875,30.25
z_within_10mm_pct,32.08333333333333,67.58333333333333,83.5,52.0
z_within_10mm_pct_q1,23.583333333333336,58.958333333333336,69.0,48.5
z_within_10mm_pct_q3,42.875,74.875,95.41666666666667,54.166666666666664
z_within_15mm_pct,56.5,87.16666666666667,88.33333333333333,71.5
z_within_15mm_pct_q1,41.75,79.33333333333333,84.375,68.75
z_within_15mm_pct_q3,70.08333333333334,91.375,99.54166666666667,75.04166666666667
z_within_20mm_pct,77.33333333333333,93.91666666666667,91.91666666666666,85.83333333333333
z_within_20mm_pct_q1,65.41666666666667,88.625,87.95833333333333,84.125
z_within_20mm_pct_q3,85.375,96.66666666666667,100.0,88.16666666666667
z_within_30mm_pct,89.25,98.5,93.75,97.83333333333334
z_within_30mm_pct_q1,85.66666666666667,94.91666666666667,90.83333333333333,95.79166666666667
z_within_30mm_pct_q3,91.66666666666666,100.0,100.0,98.66666666666667
zrel_sigma_total_mm,21.080253481625377,11.686300347668908,24.315854240640085,14.362996227080544
zrel_sigma_total_mm_q1,18.19185005453685,10.045377731337858,4.8804329164175595,13.66684827498041
zrel_sigma_total_mm_q3,23.924954165930274,14.71570695510119,29.460523486976744,16.454413230719673
zrel_sigma_gait_mm,10.939494902245755,7.3243349048538615,19.62404226564481,11.066920780696485
zrel_sigma_gait_mm_q1,9.961335269597505,6.373815438112196,4.194068581739144,10.688842944061404
zrel_sigma_gait_mm_q3,11.963864552016956,8.618436062136732,24.015690848554605,11.945464032571376
tilt_p95_deg,12.229795289039608,8.459208083152769,6.677924335002897,4.870189654827118
tilt_p95_deg_q1,11.677037549018857,7.574866086244582,3.00171550810337,4.476794445514678
tilt_p95_deg_q3,13.363345384597768,9.276334726810447,13.300680732727038,6.4795132756233205
tilt_median_deg,4.437127351760864,3.9517563581466675,2.3762319684028625,3.012321949005127
tilt_median_deg_q1,4.015554666519165,3.686256468296051,2.335252434015274,2.7209888994693756
tilt_median_deg_q3,4.6971933245658875,4.422518491744995,2.4791794419288635,3.195769727230072
tilt_rms_deg,6.245650323294125,4.805372644987569,3.9619213246979723,3.1823765091997824
tilt_rms_deg_q1,5.7196153549356366,4.509252019676945,2.3536560294881976,2.99970574879302
tilt_rms_deg_q3,6.716856003152065,5.240298753958367,5.435153206975397,3.7672922078101463
roll_rms_deg,5.357846473295277,3.729639381854616,2.94154538842524,1.7325487699814475
roll_rms_deg_q1,4.875894767547747,3.311667453726406,0.7614349668987712,1.5312491371566292
roll_rms_deg_q3,5.818355628602836,3.9640583326669074,4.553567603035356,2.127567383400408
pitch_rms_deg,3.1557525331796477,3.0854020103940636,2.3873240349823615,2.7281398606015044
pitch_rms_deg_q1,2.7620299246867583,2.851529638215927,2.183660299658848,2.536151440228227
pitch_rms_deg_q3,3.546446244664967,3.4381352915186048,2.952606304860491,3.1258049566525563
angvel_xy_rms,0.4471579816969772,0.42877369437753277,0.3300407615342795,0.29375544535058146
angvel_xy_rms_q1,0.4224842487388955,0.40667342546749885,0.13225131536334783,0.28568746176570936
angvel_xy_rms_q3,0.4656817227907931,0.4506200346798819,0.39164394107304856,0.31552245269207857
angvel_xy_p95,0.8260929814694601,0.8014138136925055,0.5621544133064968,0.5804026030920744
angvel_xy_p95_q1,0.7857791258023282,0.7473839048142074,0.26296044278452546,0.5406969487024909
angvel_xy_p95_q3,0.8765189854869138,0.8524449065108526,0.8988118237272076,0.6116502183916014
vz_rms,0.08250876448595143,0.056936016120457726,0.1550927319236382,0.09623819754526226
vz_rms_q1,0.07758830479403804,0.05162129781986466,0.04789284493796833,0.0939063004971922
vz_rms_q3,0.08699712742708782,0.06264681385026809,0.20323518554911577,0.09971823900287406
vx_mean,0.2500110733509064,0.24987050421535967,0.28043148486254116,0.33447540031125145
vx_mean_q1,0.246813030630971,0.24540037457520764,0.2682022829996519,0.31783030799289314
vx_mean_q3,0.2544336980457107,0.25436608199030164,0.29008478961884976,0.3449339885171503
vx_std,0.041898708482237645,0.036924676075525506,0.050904986690298124,0.07269721554202346
vx_std_q1,0.038804512608246085,0.03489371336282683,0.02075200827262432,0.06548482864721011
vx_std_q3,0.0456080503560308,0.04071695657978648,0.06858718531111993,0.08488230735291385
vx_bias,-0.04998893857002256,-0.050129507705569246,-0.01956852705838777,0.03447538839032255
vx_bias_q1,-0.05318698128995794,-0.0545996373457213,-0.03179772892127703,0.017830296071964187
vx_bias_q3,-0.04556631387521821,-0.04563392993062732,-0.00991522230207917,0.04493397659622135
vx_mae,0.0559809388592839,0.05377165184045829,0.03174783402277777,0.06494714652576175
vx_mae_q1,0.052359851294507556,0.0502275627106428,0.017872363359977793,0.05982720999978483
vx_mae_q3,0.05917196986575919,0.058546916426469864,0.043466898290789674,0.07163054411299528
terrain_sigma_mm,0.0,5.332347989973387,0.0,4.884974946870816
terrain_sigma_mm_q1,0.0,4.6326273809919325,0.0,4.390625537244107
terrain_sigma_mm_q3,0.0,6.395697399526376,0.0,5.914075184845828
terrain_p2p_mm,0.0,26.53694339096545,0.0,25.61819739639765
terrain_p2p_mm_q1,0.0,23.539068177342422,0.0,22.864731028676
terrain_p2p_mm_q3,0.0,30.399324372410703,0.0,28.164865449070923
body_slope_lag0,,0.30787609999819876,,-0.006940968685454217
body_slope_best,,0.35525234904187397,,0.1592431269634726
best_lag_s,,0.78,,0.98
best_r2,,0.022454505139313463,,0.0023628596684175385
leg_slope_best,,-0.644747650958126,,-0.8407568730365274
slope_ci_lo,,0.16417983713648931,,-0.09911464474303387
slope_ci_hi,,0.5413705273676185,,0.39673154859730836
n_reset,64.0,64.0,66.0,73.0
n_timeout,64.0,64.0,63.0,64.0
n_early_term,0.0,0.0,3.0,9.0
n_windows,48.0,48.0,50.0,48.0
n_too_short,16.0,16.0,16.0,25.0
early_term_pct,0.0,0.0,4.545454545454546,12.32876712328767
window_s,12.0,12.0,12.0,12.0
z_sigma_total_pct,5.6667350427427765,2.911123611102044,2.3157956419657224,1.299231374500114
z_sigma_total_pct_q1,4.89028227272496,2.459481239698344,0.4648031348969104,1.2338781027844923
z_sigma_total_pct_q3,6.431439291916741,3.7558263182815828,2.805764141616833,1.3823351925709404
z_sigma_slow_pct,4.77107909999838,2.1174492591092076,1.1595180921553472,0.7966406690889256
z_sigma_slow_pct_q1,3.786722690284974,1.9111798997422282,0.2164111207170387,0.69105954068883
z_sigma_slow_pct_q3,5.760665274391232,3.2626723298478386,1.7900753040136455,0.9192859209285201
z_sigma_gait_pct,2.9407244360875686,1.80720089393763,1.8689564062518866,1.0258515853561456
z_sigma_gait_pct_q1,2.6777782982788993,1.5359502098982354,0.39943510302277563,0.9545015545783014
z_sigma_gait_pct_q3,3.216092621509934,2.24202223610185,2.287208652243296,1.1052219136525634
z_p95_pct,12.065485507036197,5.836515376965217,3.733097531965765,2.4641001834755913
z_p95_pct_q1,10.669309779414137,4.70045074406597,0.9403453057720531,2.327534620250981
z_p95_pct_q3,14.382927982290154,8.059114077559078,6.123010224529671,2.7603702814806095
body_height_m,0.372,0.372,1.05,1.05
