_name,_win,z_sigma_total_mm,z_sigma_slow_mm,z_sigma_gait_mm,z_slow_share_pct,z_p95_mm,z_within_5mm_pct,z_within_10mm_pct,z_within_15mm_pct,z_within_20mm_pct,z_within_30mm_pct,zrel_sigma_total_mm,zrel_sigma_gait_mm,tilt_p95_deg,tilt_median_deg,tilt_rms_deg,roll_rms_deg,pitch_rms_deg,angvel_xy_rms,angvel_xy_p95,vz_rms,vx_mean,vx_std,vx_bias,vx_mae,terrain_sigma_mm,terrain_p2p_mm
Go2 flat,0:1,26.22895981170776,23.34306251597835,11.960759389742256,79.20517008694658,55.310462613900505,8.333333333333332,21.833333333333332,35.333333333333336,58.333333333333336,82.5,26.22895981170776,11.960759389742256,14.34226098060608,4.424074411392212,6.932612899103408,5.596258670213969,4.104617701477794,0.5298844634834546,0.960577097100681,0.0928856069018603,0.24784131142000357,0.045268905931675714,-0.05215870050092536,0.05772158153355119,0.0,0.0
Go2 flat,0:2,23.475323491407,20.192418695730918,11.973180038841056,73.98667572495262,54.04095580180492,9.166666666666666,23.333333333333332,47.833333333333336,67.5,85.16666666666667,23.475323491407,11.973180038841056,12.880969190597527,4.432239055633545,6.3193958823445024,5.430509498026438,3.242264679924352,0.4619878958555837,0.8777459667261279,0.08626470353804085,0.25343370728194714,0.04439611709544959,-0.046566304638981794,0.053558846885959285,0.0,0.0
Go2 flat,0:3,21.295892659259987,19.131588480597596,9.354002692098653,80.70684368875365,47.41676062345506,14.166666666666666,29.666666666666668,50.16666666666667,77.16666666666666,89.16666666666667,21.295892659259987,9.354002692098653,12.918329238891596,4.91032862663269,6.733589832391042,6.128785855194319,2.7972501534591134,0.4153007628032697,0.7526466669256094,0.07900040786527658,0.24943670796851317,0.04226346078524524,-0.05056330395241576,0.05475978406767048,0.0,0.0
Go2 flat,1:1,18.753616359179965,15.211858169865714,10.968021588563367,65.79524072300896,39.74301616350809,14.000000000000002,31.666666666666664,58.666666666666664,82.16666666666667,91.33333333333333,18.753616359179965,10.968021588563367,12.114530754089351,4.590965509414673,6.1850295798238495,5.689809443441119,2.431759683571104,0.3832143533364133,0.7481200554106718,0.07668175154088018,0.2520862370481094,0.03893492959661363,-0.04791377487281956,0.05227211457987624,0.0,0.0
Go2 flat,1:2,21.329972005157824,18.702200060480514,10.256481786586432,76.8784866901067,44.47671085596087,10.833333333333334,26.166666666666664,53.0,74.83333333333333,86.33333333333333,21.329972005157824,10.256481786586432,12.123790264129637,4.879835367202759,6.326021345775701,5.574078513622499,3.0009592570655377,0.46530336100574754,0.8598510005947095,0.09332057821836316,0.25016417575379213,0.04168564219916445,-0.049835836167136806,0.05511121429502962,0.0,0.0
Go2 flat,1:3,11.616564821929922,7.111402251628317,9.185452426398795,37.47615697922995,24.918009390433625,31.333333333333336,61.0,82.66666666666667,90.66666666666666,99.16666666666667,11.616564821929922,9.185452426398795,8.30760235786438,4.143772840499878,4.922721548971295,4.225847138411947,2.52679971214239,0.40732731122328447,0.7622491740530598,0.06926452971563478,0.2520166156192621,0.03221895437602144,-0.04798339630166687,0.05238909686605133,0.0,0.0
Go2 flat,2:1,17.58548055771128,13.691954573931643,11.0353752265627,60.62090529059598,40.841336995363285,19.833333333333332,41.66666666666667,68.16666666666666,83.66666666666667,91.66666666666666,17.58548055771128,11.0353752265627,11.754356145858763,4.54061484336853,6.3062710667644,5.1437274276669935,3.65320424180139,0.4945372866772368,0.9041108351431026,0.08699931684187667,0.25734061817328135,0.04646412302032672,-0.04265939374764758,0.05466270009676613,0.0,0.0
Go2 flat,2:2,18.273808445006257,14.090301111162137,11.635956758323102,59.45418251685183,42.94340521097188,19.666666666666664,41.66666666666667,69.0,84.0,89.83333333333333,18.273808445006257,11.635956758323102,12.212372446060169,3.5373694896698,5.825390659846767,5.216664815866931,2.6009367195120707,0.45508465014683464,0.863836657921985,0.08230533585850927,0.25195098695655666,0.03948501911956729,-0.04804902496437229,0.054105145658055916,0.0,0.0
Go2 flat,2:3,14.533024599093332,11.984077417572024,8.221355876465397,67.9981652430646,37.78925110896428,24.833333333333332,67.33333333333333,84.66666666666667,88.33333333333333,91.66666666666666,14.533024599093332,8.221355876465397,10.01315193176269,4.671622037887573,5.312815076947723,4.602395003187172,2.6589171272295955,0.39539118282554403,0.7418082451359546,0.06555755631237775,0.26371133101483185,0.03291764533796818,-0.03628868090609707,0.04083644616107144,0.0,0.0
Go2 flat,3:1,24.053427501906945,21.426854873575962,10.929650717941882,79.3529206687527,49.49026669065155,9.5,20.666666666666668,34.166666666666664,53.333333333333336,83.83333333333334,24.053427501906945,10.929650717941882,13.140805053710938,5.344661235809326,7.055797138758594,5.95457830104375,3.794351332584738,0.46814643197116795,0.8450705534550015,0.08416630150535458,0.2466349826256434,0.047625676397084996,-0.05336502929528552,0.06074790557225543,0.0,0.0
Go2 flat,3:2,18.923150646163588,14.636267829781552,11.994385953115865,59.823773369325835,42.26360340913136,16.5,38.166666666666664,60.5,83.5,89.5,18.923150646163588,11.994385953115865,11.984230136871327,3.8280141353607178,5.766491785775264,5.1837477858310415,2.5332150425647426,0.4077371679893155,0.7868498374981877,0.08541571409748124,0.24526852689683437,0.03702319167753259,-0.054731485024094556,0.058290042653679826,0.0,0.0
Go2 flat,3:3,25.99154530603646,23.486591699209843,11.13285398046491,81.65368592886088,60.81172118584318,13.166666666666666,29.666666666666668,48.0,68.66666666666667,85.66666666666667,25.99154530603646,11.13285398046491,13.776986837387076,3.8061625957489014,6.5294340255977925,5.069302920312611,4.128055620611179,0.46070857896513706,0.9095853678080431,0.08593071077601284,0.2502063821380337,0.047295121379883606,-0.04979362978289523,0.05897287541379529,0.0,0.0
Go2 flat,4:1,17.894054899584297,12.5920295284196,12.713693133969604,49.51923604376467,36.06307138999303,14.499999999999998,37.166666666666664,57.333333333333336,76.83333333333333,91.66666666666666,17.894054899584297,12.713693133969604,11.924844980239866,4.815359354019165,6.32336341392843,5.620825427488463,2.9029900353230067,0.45148226917812617,0.8725480351612207,0.0877772962896792,0.23887367984900873,0.04545254163224915,-0.06112633207192021,0.06447102883209782,0.0,0.0
Go2 flat,4:2,22.073903081401195,18.89936764028338,11.404871767999088,73.3054533048709,52.91048904259999,19.666666666666664,34.5,55.666666666666664,74.16666666666667,86.66666666666667,22.073903081401195,11.404871767999088,12.341740655899047,4.558767795562744,6.16817598293296,5.366725747674511,3.050182794395891,0.43111197640036325,0.8717294215626059,0.0832436328335189,0.25440147730211415,0.042791307607323074,-0.04559853461881476,0.052513703778386094,0.0,0.0
Go2 flat,4:3,33.11015066510065,31.2800826249715,10.855344676269914,89.25107775582447,75.61168084541953,7.166666666666667,17.166666666666668,33.33333333333333,57.49999999999999,84.66666666666667,33.11015066510065,10.855344676269914,20.210732841491645,4.960844278335571,10.383044683358234,9.625888459755057,4.0077793841189475,0.7620784249745252,1.5117167337794206,0.11653202304845409,0.24422508200009663,0.0927407177862354,-0.05577492992083229,0.0644361764192581,0.0,0.0
Go2 flat,5:1,15.61160719235658,12.597227725137145,9.221286936728285,65.11105465058266,35.26704361041383,23.666666666666668,49.0,76.66666666666667,88.0,93.33333333333333,15.61160719235658,9.221286936728285,10.171871423721308,3.799574136734009,5.403971390132676,4.847656208471999,2.3932415123245403,0.4205454412642529,0.7963787964315006,0.07858620918950242,0.24985797094802062,0.03659398348292251,-0.050142040972908315,0.05578399521609145,0.0,0.0
Go2 flat,5:2,19.953114237443348,16.250426050112907,11.578014551825209,66.32971409777497,49.05776972572015,18.5,39.666666666666664,73.16666666666667,87.83333333333333,89.66666666666666,19.953114237443348,11.578014551825209,12.21932291984558,4.377097129821777,6.032558563672777,5.20948071309934,3.0505069309541417,0.46279420143960537,0.8333915306055186,0.07098389200037816,0.2546192203089595,0.04069690113725,-0.045380791611969444,0.051031348792215166,0.0,0.0
Go2 flat,5:3,26.36563978680805,24.101819992543376,10.688743350588597,83.56473655729368,60.30608634154002,9.666666666666666,21.666666666666668,37.0,62.16666666666667,84.66666666666667,26.36563978680805,10.688743350588597,14.208980655670164,4.039765357971191,6.6811198714712985,5.526207221386901,3.768715307417182,0.46681680814592996,0.8761099917405091,0.08227179982749519,0.24757094865043958,0.04594556040046607,-0.05242906327048935,0.06001924072702723,0.0,0.0
Go2 flat,6:1,29.74387109486398,26.606719125754424,13.295877747298176,80.01799580131134,58.54984355469542,11.333333333333332,22.333333333333332,36.666666666666664,53.666666666666664,85.5,29.74387109486398,13.295877747298176,43.26258468627926,4.357726573944092,15.810955928384901,14.93500238974273,5.499759746422472,0.8945154844090125,1.9422468900128056,0.11265606664905867,0.2174643093595902,0.13818379639102063,-0.08253570256133873,0.0937998562802871,0.0,0.0
Go2 flat,6:2,25.643302850353436,21.88659202316931,13.362487443821463,72.84644494043886,52.786065563559575,11.166666666666666,21.666666666666668,36.666666666666664,51.33333333333333,83.66666666666667,25.643302850353436,13.362487443821463,14.120304489135739,4.914297580718994,7.829427529767377,5.885021672059751,5.171210655468777,0.5280684494592205,1.0998541174439036,0.10122192169799896,0.24592876754701137,0.06300527768490587,-0.054071244373917554,0.06514057812591391,0.0,0.0
Go2 flat,6:3,21.05689128675659,19.608047552525296,7.675750246079687,86.71219762108628,61.94709181785574,17.333333333333336,47.16666666666667,78.66666666666666,90.5,91.83333333333333,21.05689128675659,7.675750246079687,11.823513603210435,4.157628536224365,5.4453553764992355,4.346517406695664,3.288768696116816,0.416202704151085,0.7073214658073175,0.06514006834923494,0.2560984897861878,0.042826974927586914,-0.043901522134741126,0.04865383910636105,0.0,0.0
Go2 flat,7:1,22.55367981924873,18.207086595057486,13.31053985040673,65.16975586695924,51.4433108270168,7.833333333333334,26.5,46.166666666666664,76.0,85.83333333333333,22.55367981924873,13.31053985040673,14.268605327606199,4.2354347705841064,6.718245654036012,5.882149788037073,3.257380763488344,0.4749722309174503,0.8854307322968346,0.08576589590938796,0.24540853624542555,0.04151959242867235,-0.05459147567550339,0.059608694066603955,0.0,0.0
Go2 flat,7:2,22.652730675056187,19.66913613081887,11.237049919972208,75.39272644473952,47.41972376902903,11.0,27.166666666666668,46.5,66.5,84.16666666666667,22.652730675056187,11.237049919972208,13.276168584823594,4.449926376342773,6.745879687524958,5.76619565060719,3.5108602456194924,0.49007379243946253,0.9105932153639709,0.09160630427971854,0.24593677142014106,0.04391961443180895,-0.05406324050078787,0.05866340856999157,0.0,0.0
Go2 flat,7:3,23.882129720604716,21.43813466221364,10.524376570447549,80.58011506947986,44.85688144961989,7.333333333333333,18.166666666666668,35.5,52.83333333333333,83.5,23.882129720604716,10.524376570447549,12.254093313217155,4.860273838043213,6.628991188906868,5.777935309412448,3.2586399114312865,0.4356125578912436,0.8205139436402568,0.08643914840091205,0.24707561555008092,0.042655883052052083,-0.052924396370848,0.05746290184557436,0.0,0.0
Go2 flat,8:1,16.318387604431344,12.753217178816179,10.180629921493392,61.07803013302563,32.37590625882149,18.666666666666668,41.0,68.0,84.83333333333334,93.0,16.318387604431344,10.180629921493392,10.916007661819455,3.939346671104431,5.414810739256762,4.637551857550357,2.8004956310005493,0.4231305178971097,0.7805747733703446,0.0802442828452825,0.25296396046876907,0.03834149049210711,-0.04703605145215986,0.053100672662258125,0.0,0.0
Go2 flat,8:2,18.762550027371052,16.033552901923255,9.744663404696437,73.02571395558253,48.167964766422884,17.833333333333336,50.83333333333333,84.16666666666667,88.33333333333333,90.33333333333333,18.762550027371052,9.744663404696437,11.385601568222041,4.301975250244141,5.539087476026946,4.89410304205112,2.6011464923586503,0.4012006739534425,0.7660784336714856,0.07328853254692932,0.2577144059290489,0.03732048869839702,-0.042285605991880075,0.0472170883665482,0.0,0.0
Go2 flat,8:3,24.678992340438917,21.565773976882337,11.998752256691835,76.36164087640117,49.41640843947721,12.0,23.666666666666668,40.0,56.666666666666664,86.0,24.678992340438917,11.998752256691835,14.133110952377317,5.412492513656616,7.102982838207227,5.5802334285416,4.408058749178598,0.5242663115172855,1.0458422985244546,0.09135625997130149,0.25718801443775496,0.04986382980424546,-0.042811997483173984,0.05617788250247635,0.0,0.0
Go2 flat,9:1,23.232308296420484,20.490293368999986,10.949339086549626,77.78782499259175,43.77993022402125,8.0,20.666666666666668,36.0,55.666666666666664,86.33333333333333,23.232308296420484,10.949339086549626,13.908569574356074,4.573542833328247,7.241615929903729,6.369675341270113,3.4560400881783666,0.5006335861773886,0.8790373233832013,0.0869963976221582,0.2447392808397611,0.045740879915499064,-0.05526073108116783,0.060191615621248855,0.0,0.0
Go2 flat,9:2,20.339729839671502,16.367512380286573,12.075145896923527,64.75525171224916,43.806822250286714,15.0,32.5,52.0,73.83333333333333,87.0,20.339729839671502,12.075145896923527,11.582432794570922,4.442015647888184,5.979017838621778,5.0767043028481815,3.16478022273137,0.43460833830782053,0.7902373577664732,0.08271219311339359,0.2515179946025213,0.03967435287815537,-0.04848201731840767,0.05403116335471469,0.0,0.0
Go2 flat,9:3,17.945974883128635,15.097699649707153,9.701416380772267,70.77623423297949,41.919520050287225,19.166666666666668,42.66666666666667,69.83333333333334,89.33333333333333,92.33333333333333,17.945974883128635,9.701416380772267,11.146286058425899,3.934267282485962,5.485079519857583,4.040721366483456,3.7137199333094197,0.428926675237642,0.7825669907147498,0.07789048921175733,0.24833174782494705,0.04042304978490451,-0.051668264095981895,0.05872130515674748,0.0,0.0
Go2 flat,10:1,24.645167735517926,21.698460817282456,11.685935601083557,77.51652577926211,60.70072462161383,14.333333333333334,30.0,52.33333333333333,81.0,89.66666666666666,24.645167735517926,11.685935601083557,12.243867731094339,3.9696311950683594,6.030759943183346,4.95991144694204,3.4439315688679892,0.4394599405097232,0.8123901875216801,0.0856567551090577,0.24945895830790202,0.04199429969912177,-0.050541053613026916,0.056229907969633716,0.0,0.0
Go2 flat,10:2,21.95023770623917,19.273892913032423,10.503808230225953,77.10107403927755,49.43572700023652,12.833333333333332,29.166666666666668,47.16666666666667,66.66666666666666,89.5,21.95023770623917,10.503808230225953,12.7202474117279,4.5721540451049805,6.663038585011532,5.952572700310679,3.0029995697250325,0.4585746200535172,0.8592228484179557,0.08574170407412976,0.24540410255392392,0.043880567330841676,-0.05459590936700501,0.05902639513214427,0.0,0.0
Go2 flat,10:3,26.004707059214105,23.257233737837055,11.633824310997392,79.98566935323001,54.30715786914034,8.0,22.666666666666664,37.666666666666664,55.666666666666664,85.5,26.004707059214105,11.633824310997392,12.574701213836653,4.550317049026489,6.71639278619075,5.812993198025923,3.379215590378449,0.443972460715669,0.8276062132713141,0.0885684952937329,0.2490659670283397,0.04721799477004195,-0.05093404489258923,0.05978344527383643,0.0,0.0
Go2 flat,11:1,17.41927364721192,13.985811768670938,10.38403407004027,64.46370673307698,37.832449724276835,21.333333333333336,49.333333333333336,75.0,88.33333333333333,92.5,17.41927364721192,10.38403407004027,11.071205329895015,4.020167827606201,5.453878717934735,4.785237041847417,2.6232609248402894,0.40715252015034986,0.7582685736173197,0.07518403708816919,0.2514417686065038,0.034744785779914515,-0.048558243314425126,0.051865529914696985,0.0,0.0
Go2 flat,11:2,18.82106858996685,15.481015335765266,10.703774429706437,67.65662458913218,39.53028102715808,14.666666666666666,31.166666666666664,57.99999999999999,82.16666666666667,89.33333333333333,18.82106858996685,10.703774429706437,11.642788314819327,4.945690393447876,6.395170600374672,5.834442920333576,2.6253830756180068,0.45723709502941356,0.8209923233668557,0.08125293507530858,0.2537300019711256,0.03988348204956236,-0.04627000994980333,0.050895437871416385,0.0,0.0
Go2 flat,11:3,15.919201650025776,12.572703124295975,9.764636056838047,62.3756024932418,35.00977834065759,24.166666666666668,46.5,66.83333333333333,88.16666666666667,92.0,15.919201650025776,9.764636056838047,10.778026723861688,3.8788866996765137,5.578986062416756,4.826433726095228,2.8025781784419026,0.4295501570796827,0.7953379054217067,0.07849146618370159,0.2484512401620547,0.03357650438608724,-0.051548771758874234,0.05530823777119316,0.0,0.0
Go2 flat,12:1,8.38504166416483,5.856625052631435,6.000738846397998,48.784784629463715,17.504624774058726,50.0,80.66666666666666,92.0,96.83333333333334,99.66666666666667,8.38504166416483,6.000738846397998,6.9501554489135735,4.541958332061768,4.731262603152362,3.8283421429130886,2.7818657293208546,0.3711838391289446,0.6764389438856988,0.053547174687691684,0.26096978488067785,0.032469875656797584,-0.039030227040251074,0.0419421006987492,0.0,0.0
Go2 flat,12:2,16.448081826449364,14.075530297954003,8.509926121944464,73.23168317318417,37.928558836380645,17.0,45.166666666666664,76.66666666666667,86.0,91.5,16.448081826449364,8.509926121944464,11.737732267379759,4.279309511184692,5.838631203385652,5.327769881200278,2.394652785923852,0.40722600061763803,0.7947531604460255,0.06737898315265144,0.25462527801593143,0.03657697094774146,-0.04537473390499749,0.05025357365608213,0.0,0.0
Go2 flat,12:3,21.10361743124967,18.374713351997077,10.379430519854418,75.8101463163287,54.91323346892981,17.5,36.833333333333336,62.16666666666667,85.16666666666667,91.66666666666666,21.103615676494165,10.379433318958716,12.240267658233638,3.812841534614563,5.8586326929904,4.825618547956047,3.3324454000870016,0.4622215028071846,0.8437181018741657,0.081063069684646,0.2487295397867759,0.04180311726535351,-0.051270472134153026,0.057164422497153256,0.00011012082465927616,0.003814697265625
Go2 flat,13:1,18.780628172831932,15.879963393821143,10.026901673850658,71.49550944511245,44.91033072272941,23.0,49.666666666666664,70.83333333333334,84.66666666666667,92.66666666666666,18.780628172831932,10.026901673850658,11.768800878524774,4.19787335395813,5.9009334922985195,4.885307620572996,3.318377265904828,0.45985275992941904,0.824579749667606,0.0788786776144223,0.24805442973971367,0.03945598274447286,-0.05194558218121526,0.056337781399488425,0.0,0.0
Go2 flat,13:2,22.59871200612412,19.335182815242987,11.698396891748502,73.20305234200961,53.325670858224186,12.333333333333334,30.5,51.33333333333333,74.16666666666667,86.83333333333333,22.59871200612412,11.698396891748502,12.846398639678954,4.001715183258057,6.063922050125321,4.990115104154504,3.454125359204867,0.44714341774205646,0.8108018941457236,0.08313547136974313,0.24339876141399144,0.04556377383620804,-0.05660125050693748,0.061943296231329416,0.0,0.0
Go2 flat,13:3,18.841996452318906,14.449146028327123,12.09309759165437,58.80720316216112,42.833017855882694,17.333333333333336,43.0,73.16666666666667,84.0,88.66666666666667,18.841996452318906,12.09309759165437,12.125744056701661,4.506127595901489,5.99324256818774,5.353117230501515,2.7025225107844686,0.44173512938121484,0.7967805388363003,0.07558461378747641,0.2545303602765004,0.038951512961413484,-0.045469651644428545,0.05075016520917413,0.0,0.0
Go2 flat,14:1,26.727890728161572,25.529914035506604,7.912245706257377,91.2366500176125,67.55246092875795,10.166666666666666,24.5,42.333333333333336,68.83333333333333,86.5,26.727890728161572,7.912245706257377,13.624875783920288,4.47207498550415,6.50184086506846,5.36257571608904,3.692625261616829,0.4570322548569821,0.8140133489123167,0.07910161275858478,0.2556795398890972,0.04522112080316332,-0.04432047203183172,0.052593991408745426,0.0,0.0
Go2 flat,14:2,11.087962008827239,8.112529319199849,7.558423747999251,53.53146147275067,24.658989558617275,30.333333333333336,70.33333333333334,88.66666666666667,92.5,98.0,11.087962008827239,7.558423747999251,7.6281152963638235,3.7517312765121464,4.283167934637879,3.5936543687130964,2.331893641774582,0.3840811144313974,0.7020657792451765,0.06053768900474584,0.2608918506652117,0.030986221035135417,-0.039108161255717255,0.04425963801642257,0.0,0.0
Go2 flat,14:3,18.46858248818251,13.741934009198713,12.338873076972204,55.36414410136019,38.548457026481664,18.333333333333332,37.833333333333336,57.99999999999999,77.5,91.5,18.46858248818251,12.338873076972204,12.351488161087032,4.77390718460083,6.618133689028966,5.909961042514135,2.9850208122903124,0.4471725456518979,0.8392683624501918,0.08174887797574806,0.2468723799660802,0.040462696212048795,-0.05312763195484874,0.05834429722279308,0.0,0.0
Go2 flat,15:1,18.829644233795054,15.840208866659149,10.180534614248133,70.76810698024471,42.26781278848647,20.5,42.833333333333336,66.5,83.83333333333334,87.83333333333333,18.829644233795054,10.180534614248133,11.6884539604187,3.797950506210327,5.499278322597633,4.644462474614865,2.9518303333719556,0.4269555541354727,0.7728705491716041,0.07651790480537467,0.2547334420681,0.03841326164314345,-0.04526656985282895,0.051851794123649576,0.0,0.0
Go2 flat,15:2,23.034228779059305,17.289741908930463,15.219741133429876,56.34166394035782,42.664057612419114,9.5,21.0,35.66666666666667,55.166666666666664,85.66666666666667,23.034228779059305,15.219741133429876,13.742915105819694,5.57586669921875,7.325947816827263,6.620848261603567,3.1467248436279247,0.4453834278096844,0.8673194203321306,0.092900940493675,0.2407367710645,0.04672925574108642,-0.059263240856428916,0.06500787890205778,0.0,0.0
Go2 flat,15:3,26.826268389209208,22.6289754190389,14.40757256356596,71.15562715717842,56.96773752570151,9.5,22.833333333333332,38.166666666666664,55.833333333333336,80.66666666666666,26.826268389209208,14.40757256356596,16.31847009658813,5.991815090179443,8.326249108819288,6.449979646023245,5.28197940148246,0.5473255717967997,1.1526744143467649,0.09930858393845265,0.2531290873885155,0.06254705465286244,-0.04687092453241346,0.06554772675037385,0.0,0.0
Go2 bumps,0:1,9.366122111760369,8.120217531188564,4.667580814360307,75.16500591955716,19.099881201982484,36.833333333333336,78.0,91.5,95.16666666666667,99.83333333333333,9.449219287285926,5.501487644356295,7.349094414710997,3.804391026496887,4.451718059411023,3.4104967454350588,2.863465898430046,0.3875959010633814,0.7450825681299906,0.044970667303447176,0.2551471364746491,0.03590960419372082,-0.04485287544627982,0.0496887418379386,7.020102361323073,29.865266755223303
Go2 bumps,0:2,7.948283086697769,5.731037509195177,5.507305429562061,51.990003733325594,15.543715506792106,49.333333333333336,78.33333333333333,93.66666666666667,98.66666666666667,100.0,10.360544305655887,6.499202405806435,8.826513957977292,3.666975855827331,4.694808167517426,3.758083765864644,2.8157208575735693,0.4097852407518755,0.7471948932744085,0.050709738887719645,0.2584744525452455,0.033390194215659294,-0.041525559375683446,0.0470645387470722,5.637113075495353,27.6470202952624
Go2 bumps,0:3,17.660512377833214,15.960716261979105,7.559711228095692,81.67669487396509,43.896063764890066,28.666666666666668,51.0,68.5,80.83333333333333,90.16666666666666,16.103677149080998,8.284896547038093,11.26888213157653,4.430664539337158,5.717305420065517,3.804980977052306,4.270601217320869,0.43813895405692443,0.8515293993429217,0.0551118262243318,0.25823901628454526,0.04360839711553553,-0.04176099563638367,0.05023934508363404,6.390354351363534,30.313493683934205
Go2 bumps,1:1,8.93278087849932,6.997129157669587,5.552905345328086,61.357325263882416,17.814590235551183,40.0,75.0,89.16666666666667,97.5,100.0,8.684737504643797,6.052976573378314,8.319016218185421,3.8913605213165283,4.707489230412829,3.7775240254189613,2.8113212592783947,0.390914974196801,0.747446908660807,0.046379505078140995,0.25352525810400645,0.031705123012831966,-0.04647475381692248,0.04831551512082415,4.208823717141807,21.2574023753404
Go2 bumps,1:2,14.10307336432124,12.126211964810658,7.200809795009876,73.93035311497935,29.752701421578696,30.666666666666664,59.0,87.66666666666667,92.66666666666666,95.0,13.032747853059133,8.095262711700364,9.508515977859494,3.8927451372146606,5.3022293810175425,4.402085055518514,2.959669382503839,0.38387824865857895,0.7445720117934792,0.05607013594280438,0.25074566669762133,0.03675134881316356,-0.049254345223307586,0.05279304804901281,6.143588148333205,31.0955066233873
Go2 bumps,1:3,7.233129724886241,5.117730990539444,5.111457240895699,50.06133181970917,14.161759063601501,49.333333333333336,85.83333333333333,96.16666666666667,99.0,100.0,7.318769096782329,5.6253957025796275,7.247584772109985,3.6968071460723877,4.338192078783518,3.4092199854981535,2.684592576194227,0.3786143221275724,0.7371641407974285,0.042389821404902085,0.25777962485949196,0.032652701629186445,-0.042220387061436944,0.04620673209428785,4.212317211215825,21.080018952488903
Go2 bumps,2:1,16.953777944774014,14.716404886968403,8.417720226018348,75.34778234929006,35.046717027823085,30.333333333333336,53.0,76.0,87.33333333333333,93.0,15.887678510820038,8.836698600609324,11.66803059577941,2.9438713788986206,4.910824912479311,3.183040345594037,3.7436746701507313,0.5143959660679331,1.071400734876717,0.0722738509546895,0.2568872299293677,0.04410758718566378,-0.04311278199156123,0.05080945963660874,4.871857589148333,25.379182770848303
Go2 bumps,2:2,9.942345559281296,7.372167653977243,6.67093541430377,54.981008186072444,19.297989855209998,41.66666666666667,72.5,87.83333333333333,96.16666666666667,98.83333333333333,10.244812865297154,6.8146355894687485,7.9495161771774265,4.555927753448486,5.016180212689938,3.751763336454192,3.33141898971315,0.4296725965198269,0.7794802637493776,0.057418606433325164,0.24050226946671804,0.03696547376426183,-0.05949774245421089,0.06128198683261869,3.8959325668507088,23.262025788426396
Go2 bumps,2:3,6.580250951055612,4.476309917899357,4.823106063294082,46.27595407748377,12.896163364251406,54.666666666666664,88.33333333333333,97.16666666666667,100.0,100.0,7.302336529597003,5.6129534048766665,6.986455583572387,4.17781138420105,4.47285635337042,3.318758508513799,3.0001790022288257,0.4072767708953206,0.7694493959205003,0.04886412789865287,0.238221650843819,0.04848869216524348,-0.06177836107710995,0.06862518834571041,4.918250961989584,23.5805530101061
Go2 bumps,3:1,9.144830346888195,6.9933520240742215,5.892448518293927,58.48163068038045,18.009131550788947,44.666666666666664,72.0,89.33333333333333,96.66666666666667,100.0,11.896778021837328,6.3646453260184215,8.149462175369262,3.986833333969116,4.938317801960682,3.812621690949533,3.1401839965625116,0.4135514157551493,0.7713517601034086,0.05010144145053063,0.2597457758585612,0.03517866255110459,-0.040254236062367735,0.04628659705320992,8.0453731679311,36.2129230052233
Go2 bumps,3:2,9.794495954860768,7.161116119530808,6.6821079707215105,53.45609739551641,18.732098564505623,40.33333333333333,71.0,89.66666666666666,95.83333333333334,99.0,9.670059757824037,6.880561235063659,8.57866048812866,3.4954999685287476,4.629766544638994,3.2097077487166734,3.3380242107822693,0.43854402895135997,0.838653526501112,0.05658305563609741,0.24159468007584414,0.04217025299339699,-0.058405331845084806,0.06301499096055824,3.9226644500123045,18.962861970066996
Go2 bumps,3:3,16.069541968491137,13.718116967328347,8.369196254587193,72.87557705372473,38.08386971553165,43.666666666666664,64.83333333333333,82.16666666666667,85.5,92.66666666666666,18.264628098321296,8.083114802630297,9.920061159133908,3.7674877643585205,5.510270381921285,3.219626811448483,4.476391976879883,0.4578816527282251,0.8479923432896271,0.06443858414568855,0.2554631958405177,0.03483424514745241,-0.044536816080411254,0.04989564518133797,5.5428701380489445,25.659563019871698
Go2 bumps,4:1,9.268605063513391,7.086038075164162,5.974537992239219,58.449151205658545,19.468387246131847,47.5,73.33333333333333,89.0,95.83333333333334,100.0,10.170483722509132,6.673492400177484,7.840669536590576,4.471273422241211,4.958279562048545,3.878513547779883,3.0905207334602074,0.38991188688902767,0.7119071326214484,0.050640753136945556,0.244936786989371,0.03568702211693904,-0.05506322493155795,0.058054500917593614,4.035191383851312,21.5415973216295
Go2 bumps,4:2,10.713100694316042,7.474253299525154,7.675028605881038,48.674920378627924,23.483348637819294,45.0,74.33333333333333,88.0,93.66666666666667,97.0,12.388887400200117,7.800190705276215,8.361383056640623,3.951931118965149,4.738175412572686,3.763340524613461,2.8806364000875697,0.4090685979997227,0.8080191196384522,0.05754476872031225,0.2505584655702114,0.032441031678910666,-0.04944154635071752,0.05206243976950643,6.0746466180938175,30.3401965647935
Go2 bumps,4:3,18.959766905365974,16.919643511860144,8.555607783049663,79.6372820259853,37.0478553573291,25.5,45.33333333333333,65.5,77.83333333333333,91.66666666666666,18.658261704994942,8.860404258748343,8.722050189971924,4.28515362739563,5.1345557911025335,3.5448738094274237,3.717195959182773,0.4280794611916419,0.800510000272691,0.07631565825197491,0.2424481397556762,0.05391821553404285,-0.05755187216525274,0.06252386473740139,5.525501890342422,25.148393586277898
Go2 bumps,5:1,18.374223354207714,14.877706367613227,10.782668366846545,65.56227023140129,34.855036983887324,30.833333333333336,58.833333333333336,77.16666666666666,84.83333333333334,92.5,19.934624336832425,11.631932359207974,9.335650348663325,4.199054718017578,5.224544312737923,3.9284125510923253,3.449510730786916,0.48178712170216553,0.8969051348592554,0.07712056453454723,0.2388389680037896,0.04631268799942122,-0.06116104391713935,0.06464407044152416,7.201482011967253,36.0355395823717
Go2 bumps,5:2,11.42348026189763,9.813063603780353,5.848049589574811,73.79252247541068,19.73947809636587,25.0,55.833333333333336,77.16666666666666,95.66666666666667,100.0,11.216193469224761,6.505005774631034,7.64100067615509,4.609152793884277,5.122211878553866,3.70751542725504,3.536403599525855,0.45746631488939343,0.8551914280146453,0.05192515079724633,0.24555490377048653,0.03581251718065648,-0.054445108150442414,0.05851664908230302,5.571008379964322,25.445939972996698
Go2 bumps,5:3,12.819065973602067,10.36950875531022,7.536692949106198,65.43401963127444,21.74024467666946,35.0,66.16666666666666,86.5,93.33333333333333,96.0,12.430572423192187,7.523225266879521,7.159382295608515,3.828991413116455,4.35064104984505,2.71270333585592,3.4026993006328126,0.39369233649764185,0.7153873350065368,0.056800752018523866,0.25213175334036353,0.03106450335334284,-0.047868258580565426,0.0509838990618785,5.886682075813529,35.646440461278004
Go2 bumps,6:1,9.85257327463725,7.1644063674714955,6.763466680174456,52.876302139435545,18.761273821194948,35.0,65.16666666666666,89.0,96.16666666666667,100.0,8.839132416091097,7.495851344078931,8.597666311264035,4.582550525665283,5.23036115105498,3.8816110000881343,3.5081400073045703,0.45060188690789665,0.8741549911271558,0.05543088122317816,0.2490713755786419,0.04074412451364755,-0.05092863634228704,0.05523954088489212,4.436773434697054,23.155214264988896
Go2 bumps,6:2,8.174586582636021,4.915017026639711,6.531957855410169,36.1508453365147,14.911164909601222,38.666666666666664,74.5,95.0,99.83333333333333,100.0,8.96123908010822,7.447574471694839,7.566422152519225,3.3138961791992188,4.180423450534615,2.9859736239723107,2.9271860412505837,0.44688668672652915,0.8757107785764351,0.05433654933632426,0.24740146048367023,0.03683114545436919,-0.052598551437258695,0.05632006995379923,4.30168643770956,20.9236163645982
Go2 bumps,6:3,10.945658972283166,7.362331733878023,8.099600099872562,45.24253575797117,25.928100496530547,39.83333333333333,70.83333333333334,89.83333333333333,92.83333333333333,97.5,11.257888889602242,8.580803201613536,8.8118070602417,4.943893432617188,5.436843309169351,4.1189944965616005,3.5514361591120127,0.44463400102886697,0.8127042446108877,0.0576901371061627,0.24973031796514988,0.03795592108279324,-0.05026969395577905,0.05525242321193216,4.1291008680482975,23.2639331370592
Go2 bumps,7:1,11.943741693160385,8.558763522268128,8.330698206202777,51.3500947597503,23.556529134511923,38.166666666666664,59.833333333333336,77.83333333333333,87.16666666666667,99.5,12.323592465667211,8.511297381471577,7.330852890014648,3.6926833391189575,4.280267752718982,2.9337507857138228,3.1175215088195865,0.4280592888317662,0.8162775949414776,0.06264678909248372,0.243895314609011,0.03566846182410124,-0.05610469731191792,0.05890786719818908,2.7845476293352838,16.2639636546373
Go2 bumps,7:2,10.647953066244444,7.142033657630304,7.897484392781058,44.98953750809895,22.220816269516934,39.83333333333333,68.83333333333333,86.66666666666667,94.33333333333334,98.16666666666667,13.256079496823846,7.494253706543196,7.293967556953428,4.117581844329834,4.619257278795822,3.1380114040326905,3.391725849719603,0.4531173172606619,0.9193207803380151,0.057452117439128335,0.2547211229801178,0.038087240265925915,-0.045278888940811134,0.051670895119508085,7.342307373927821,31.955720856785803
Go2 bumps,7:3,9.15075016660772,7.117439611000065,5.751372183700033,60.49704823841565,16.37650350729631,35.5,67.83333333333333,91.33333333333333,99.16666666666667,100.0,10.609964697507786,5.94922392239872,7.577680730819702,3.5307724475860596,4.364750567999729,3.4626622062338157,2.659097488734815,0.4067964001770624,0.727264264617142,0.053232103750920176,0.24976548905173937,0.03617441456943265,-0.05023452286918956,0.054854996452728885,7.972259395345356,32.878877595066996
Go2 bumps,8:1,8.76827442129822,6.6306547738571195,5.737338546496837,57.185321459279905,16.49893636504809,46.5,78.16666666666666,92.66666666666666,96.66666666666667,99.5,9.01750872934044,6.256398358110545,7.09729905128479,3.4873968362808228,4.2053933317227274,2.9428955823484495,3.0053743164774285,0.41424295470700956,0.8142729838942289,0.04939644559072353,0.25401678413152695,0.038711110411023084,-0.04598322778940198,0.05029351582129795,5.180575426690367,26.0143298655748
Go2 bumps,8:2,12.435566353242127,9.015882592990947,8.564880127315886,52.563630883335016,28.349630435307756,48.66666666666667,74.83333333333333,86.66666666666667,88.83333333333333,96.0,11.322674389969702,8.807253791936532,9.610790920257566,3.4557541608810425,4.677174968808121,3.0063802932333967,3.5856017481278766,0.5052018608476793,0.9401500888726468,0.0618256151185806,0.2600129714111487,0.04062742305409368,-0.039987040509780226,0.04685925071438151,5.224811837628731,28.3966083079577
Go2 bumps,8:3,16.739188780037377,13.753570807938106,9.541474259503198,67.50906932359138,30.661513209342985,25.5,54.666666666666664,74.5,83.5,94.5,15.636432621174682,9.52999487372533,9.557712411880491,4.052167892456055,5.204899834534492,4.137994873209933,3.160469078842073,0.4728731390855157,0.892868815064303,0.0763362110860091,0.24788644105196,0.038926458041089664,-0.05211357086896894,0.05641616632541018,4.243661568631437,23.500444367528
Go2 bumps,9:1,11.167780901924905,7.63360495658394,8.15152781018477,46.72244832091735,21.015073999762542,31.166666666666664,61.33333333333333,81.0,93.33333333333333,100.0,11.171912939919803,8.606650076023438,8.71802077293395,4.884932041168213,5.644597816466619,4.046341005549125,3.937834097904116,0.49106979242041016,1.0214746668943155,0.0643438460870979,0.24909315047164757,0.03786033366571677,-0.05090686144928135,0.055830405279993986,5.07701520685717,23.319246247410803
Go2 bumps,9:2,17.609168648767223,14.748290499818536,9.621369332568461,70.14644420345374,38.84728774428362,30.166666666666668,59.166666666666664,77.83333333333333,86.0,93.33333333333333,17.784729305222694,10.669923191145873,8.211977005004877,3.6624146699905396,4.818088269447451,3.8735476849488704,2.867918813289247,0.4368162787359066,0.823304788390063,0.06499247137378189,0.2516215982536475,0.031789435748950934,-0.04837841366728145,0.05019221559166906,5.142247246742989,29.5238513499498
Go2 bumps,9:3,10.477631645808676,8.236601760057601,6.476044807709983,61.7973545842353,19.824803719917995,29.666666666666668,65.83333333333333,84.33333333333334,95.16666666666667,99.66666666666667,10.888378988937456,7.201095338012883,7.947268486022947,4.419803142547607,4.792657020527688,3.9395513575253975,2.731113765346384,0.4323013267469677,0.8015993836415758,0.057071280222391586,0.24973175035168726,0.0407079006018328,-0.05026826156924166,0.05324759109566607,6.411726544014901,27.7957934886217
Go2 bumps,10:1,13.150030765162303,11.802791673160206,5.79805293565824,80.55934852573883,24.253557970126522,29.666666666666668,52.83333333333333,73.0,90.5,96.66666666666667,13.101210345809776,6.627422875515308,10.321049022674556,5.833158731460571,6.305001733323754,5.725644406988291,2.6444259477670107,0.4168803808977054,0.7768179830778709,0.057880786377760486,0.23681540789703528,0.036883878386789186,-0.06318460402389366,0.06511799551546571,5.4975134198001925,25.5622882395982
Go2 bumps,10:2,11.104943407955515,7.47129269078077,8.215811196867936,45.264611938625364,22.031414260466907,31.5,62.0,83.5,92.33333333333333,99.83333333333333,11.553470545118792,8.764270190999788,8.436585044860836,4.082238435745239,4.770930144523487,3.4289182951771395,3.3192813501334326,0.4199851012806414,0.8012282437434353,0.05952685284247283,0.2586489887038867,0.03449401127987523,-0.04135102321704227,0.04706326603889463,4.05297903068278,23.551942780613896
Go2 bumps,10:3,10.42917190752026,7.546972601456058,7.197974105919065,52.36557713672798,19.657504806915874,34.833333333333336,71.16666666666667,89.83333333333333,95.0,98.16666666666667,9.129805187175158,7.711144883077084,6.740496587753294,3.623311161994934,4.168058369692312,3.1253617513385894,2.7590481273307805,0.4353738072730314,0.8277637823300223,0.05774653467823583,0.25364695955067873,0.04237129204431359,-0.046353052370250204,0.05076513659209011,5.351302724044221,25.526048615574794
Go2 bumps,11:1,15.350873569306476,12.814166899287555,8.452599956110271,69.68103017743135,31.570345958073943,24.666666666666668,53.5,79.83333333333333,89.0,94.66666666666667,14.40879839974336,9.304704812405348,7.499728155136104,3.472316265106201,4.18099012649417,2.9539449867470498,2.960325174119328,0.3915927360599011,0.7197823220071812,0.07423245798100978,0.22737925794596472,0.05480006641367359,-0.0726207539749642,0.0746661602767805,5.229034734852054,28.429033234715497
Go2 bumps,11:2,9.997304125728839,7.584377990690418,6.5133171484770855,57.55381689364268,23.94661684830982,47.66666666666667,80.66666666666666,89.83333333333333,93.66666666666667,98.0,12.525969182517999,6.840292028047842,8.487575769424437,3.7919658422470093,4.691372955045084,3.481730779439244,3.1458631159958546,0.43889444033710173,0.8609195001405063,0.054528411497348744,0.25147925126055876,0.035295544156713654,-0.048520760660370164,0.05250176283220448,4.8128938172096145,26.237489655613903
Go2 bumps,11:3,12.045129495187602,8.4050470896826,8.627880850826374,48.69197104641762,23.93666684627535,26.833333333333332,58.666666666666664,81.16666666666667,91.66666666666666,98.66666666666667,11.650558848111277,8.653794020476614,8.578867006301879,5.014989137649536,5.378561568145632,4.093107908862936,3.491365910739924,0.45067447799583743,0.8328774227440369,0.06488137793460974,0.24485428877174853,0.034999491102652595,-0.05514572314918039,0.058360698148608184,6.326479212685036,25.7968921214342
Go2 bumps,12:1,8.531440518394254,6.398663288135384,5.642923483795229,56.25145754770016,14.829389452934281,33.33333333333333,72.66666666666667,95.33333333333334,99.66666666666667,100.0,11.72204184722654,6.98430476189407,8.725369548797605,4.060007810592651,5.001019974021739,3.9415681135568077,3.0802832873279202,0.42946792756342367,0.7895487030720778,0.053794795999026895,0.2522839979827404,0.034284236984796476,-0.04771601393818853,0.050942941159009915,6.485161024611209,31.5551776438952
Go2 bumps,12:2,21.67192763128971,21.024181372785,5.2589205033066095,94.11158882713156,54.71012751261391,19.333333333333332,43.166666666666664,74.16666666666667,85.66666666666667,87.83333333333333,21.74582723355698,5.815670117062471,9.721716213226308,3.2280712127685547,5.028529567263482,4.395322158366395,2.447180371806686,0.3725955655119633,0.6304987885030745,0.05477887270786634,0.24612139738475283,0.05639526603002628,-0.0538786145361761,0.0591492802215119,5.794453461399986,29.9072284251452
Go2 bumps,12:3,13.927874083902902,12.169928373703863,6.7733684290736615,76.34953224153718,30.96590951085093,35.833333333333336,65.66666666666666,86.33333333333333,93.66666666666667,94.66666666666667,16.04673628686763,7.179669955874623,8.03434553146362,4.752517938613892,5.270111562668529,4.562629327994041,2.6402247582132796,0.37269652297538225,0.6815237722665128,0.06264688812362117,0.25804000029961266,0.031913091506748585,-0.04196001162131625,0.044420374929904916,6.543532118725271,34.2865008860826
Go2 bumps,13:1,6.820492574173505,4.23613577786124,5.345490868562016,38.57520677913817,12.35437005758285,53.5,83.83333333333334,99.0,99.33333333333333,100.0,9.406494984505766,6.376872142143454,8.481831121444701,3.9515815973281856,4.72790108262049,3.6085393600513744,3.056406453240335,0.4190912315742454,0.7752251197279697,0.04781972008619485,0.24314968571066856,0.03851194616925123,-0.056850326210260364,0.06073768392205236,6.651179326971914,30.5767077952623
Go2 bumps,13:2,8.885022805030058,7.494578338818314,4.772308222361538,71.15039465720396,15.26507531106467,37.333333333333336,75.33333333333333,93.5,97.0,99.5,11.379770380547983,6.061502417021516,7.154815554618835,3.9001330137252808,4.354626758299774,3.523533492212805,2.5603396634721522,0.3716764817860905,0.7415485685300228,0.04599050377010566,0.25424773499369624,0.038917229184134726,-0.045752276927232716,0.048758788059155136,4.7488994153849635,27.9312152415514
Go2 bumps,13:3,13.381172402208653,10.20047930288594,8.660600259163688,58.110260945973806,31.167037785053328,33.166666666666664,59.333333333333336,84.16666666666667,88.0,93.66666666666667,15.79428002875177,9.328438384472413,9.256562852859489,4.547271966934204,5.677056284966309,4.563814328207946,3.382919147223549,0.4507479366758407,0.8119215496865121,0.06204017843104365,0.25637526544431843,0.03705287868644997,-0.04362474647661048,0.04822734224299587,8.840548028715807,32.5851459056139
Go2 bumps,14:1,11.035605977574251,9.070513721070268,6.285728289398815,67.55716210608286,21.68342972795175,35.5,67.33333333333333,85.5,94.16666666666667,98.33333333333333,12.693006059949024,6.4953509776442075,8.899287366867064,3.7575738430023193,4.725993838039095,3.634424294983052,3.022685261184782,0.41973014374151885,0.7596142330064689,0.05709229610899969,0.2464076209316651,0.034913536101284975,-0.05359239098926383,0.057239012991388616,5.313393255902555,24.538042023777997
Go2 bumps,14:2,6.996289108831747,5.179626233478025,4.703140799064385,54.81019515195037,12.786444947123591,46.833333333333336,85.5,97.66666666666667,100.0,100.0,7.730348955973105,5.347038930780874,6.99418625831604,3.2710273265838623,4.075970127012947,3.2903942893642273,2.4065282928705143,0.36986577266073134,0.7111878762972705,0.0447601685040409,0.24739776206513245,0.03016285151378848,-0.05260224985579647,0.05429571258525051,3.254006449996952,17.402650788426403
Go2 bumps,14:3,6.600092294392042,3.5609081453983347,5.5570812010019255,29.10861384601623,13.371626436710303,60.0,85.83333333333333,97.0,99.33333333333333,100.0,7.320761002359613,5.952542796220549,7.638124370574951,3.7782769203186044,4.521383908445786,3.664778136129533,2.649576996054333,0.4063045013388081,0.7575555363860079,0.04862876284297794,0.24997551937898,0.03230432613948166,-0.050024492541948934,0.05283247520526248,4.950396528203854,26.836397126317
Go2 bumps,15:1,9.99727573679836,8.54177075900392,5.194581259177951,73.00161740547068,15.652990937232932,44.5,78.83333333333333,93.83333333333333,95.83333333333334,97.5,13.020302557185023,6.051374745430786,9.665621376037597,4.27017068862915,5.337925874271441,4.422354912722158,2.993350136444243,0.4309285264210805,0.7871367212420887,0.05331544757673005,0.25114978494743506,0.038417274889518634,-0.04885022697349387,0.05473888096710044,6.885049610722762,34.2617053538561
Go2 bumps,15:2,18.700488629123818,16.5310651972434,8.74254873663723,78.14402349516222,37.30598658323283,33.33333333333333,53.333333333333336,71.16666666666667,84.16666666666667,94.16666666666667,20.87272461005471,9.005042800570136,10.446769142150874,4.489931583404541,5.758131659967683,4.031528989997207,4.116197584204961,0.470682705331517,0.9009106780555755,0.07021709299261104,0.24066288239012162,0.05876936894615554,-0.05933712953080731,0.06504625930140415,8.599524822812096,35.3622455149889
Go2 bumps,15:3,16.59454090477267,12.548455683675405,10.858869544985236,57.18078043707408,29.15440087517103,32.0,57.666666666666664,76.83333333333333,84.5,95.16666666666667,17.515388257350327,11.400705702999996,10.228988361358637,4.407866954803467,5.449995165595453,4.234859458937535,3.4343434784291675,0.528116349890299,1.0613956210648827,0.08072274730305552,0.2476128527522087,0.047189713047441954,-0.05238715916872022,0.058637718458970374,4.697912029756892,27.826311066746698
Hexapod flat,0:1,24.387617223112965,13.506908489836029,20.305646920703406,30.674195074479933,48.40571691592551,43.833333333333336,78.5,88.16666666666667,90.16666666666666,92.66666666666666,24.387617223112965,20.305646920703406,8.145922470092767,2.4049313068389893,3.9037115889447715,3.02165057085861,2.4727059676781957,0.3150618794001805,0.6825122508020504,0.16820435733973604,0.27707720338056485,0.045301070198569514,-0.02292280854036408,0.031355511161188274,0.0,0.0
Hexapod flat,0:2,3.8523156867177577,1.6774280042846867,3.4679347514872885,18.960249155363872,7.144166628519773,77.5,99.0,100.0,100.0,100.0,3.8523156867177577,3.4679347514872885,2.8767454743385312,2.3347285985946655,2.2491659618367685,0.6304307165201682,2.159044211963577,0.1226343099176366,0.24169499526631566,0.04220932059932889,0.2914290201663971,0.01744432582926501,-0.008570991754531828,0.0158363843957583,0.0,0.0
Hexapod flat,0:3,39.572698782967294,19.02503114095134,34.69937577325121,23.113164697420668,96.75187200307843,25.833333333333336,58.5,72.33333333333334,78.0,84.16666666666667,39.572698782967294,34.69937577325121,14.354479932785024,2.558105707168579,5.4129253607034595,4.5046048587504215,3.0066854303562827,0.4618945591635947,1.1301141725277286,0.2520298374159984,0.2683231101060907,0.05679617469595897,-0.031676901814838225,0.04512625101953744,0.0,0.0
Hexapod flat,1:1,4.2933017998979235,1.737278446337208,3.926105442407136,16.374046754614454,8.234978814919858,79.83333333333333,97.66666666666667,99.16666666666667,99.66666666666667,100.0,4.2933017998979235,3.926105442407136,2.7676836609840394,2.3420944213867188,2.242657861671895,0.6456662287653491,2.1477451665557323,0.12455512919059067,0.25470977925353183,0.046348133618006715,0.28971037062505883,0.01990468452649464,-0.010289641295870115,0.01780023880302905,0.0,0.0
Hexapod flat,1:2,4.886571552466171,2.397042022921113,4.258259160469439,24.062612139071778,9.345300078392066,70.16666666666667,97.33333333333334,100.0,100.0,100.0,4.886571552466171,4.258259160469439,3.0739135265350344,2.3264572620391846,2.3536026308455797,0.8143300055251695,2.2083090872872386,0.13867497020543318,0.27618287294106453,0.04886021733975909,0.2953470537811518,0.023197518683414846,-0.004652958139777153,0.01806466234227021,0.0,0.0
Hexapod flat,1:3,4.29259152910819,2.0000154444039637,3.7981943417783413,21.708387753190475,8.529509723186488,75.0,98.16666666666667,99.66666666666667,100.0,100.0,4.29259152910819,3.7981943417783413,2.883107769489288,2.316170573234558,2.2977029940622784,0.7438032873566384,2.1740319969030435,0.12560198929429786,0.24708987027852436,0.047570387470704745,0.29084254215161004,0.01887057586342862,-0.009157469769318867,0.016445421675841006,0.0,0.0
Hexapod flat,2:1,4.385484296098242,2.1343719233357445,3.83104802948232,23.686728289571565,8.78978967666617,75.0,97.5,100.0,100.0,100.0,4.385484296098242,3.83104802948232,2.9671406865119923,2.304776906967163,2.311109158230507,0.6847742678276142,2.20737765822226,0.1282990515928751,0.25897566966670105,0.04527546865934565,0.29158869209388893,0.01789948739380449,-0.008411319827040006,0.0160746283084154,0.0,0.0
Hexapod flat,2:2,25.794078066768073,16.3647654447681,19.938127175144853,40.25126651761545,39.52119550108882,56.666666666666664,83.66666666666667,91.5,93.5,94.5,25.794078066768073,19.938127175144853,4.52784025669096,2.3288116455078125,3.6090160314758184,2.988879507163059,2.0233649365224124,0.2836388868071102,0.4082322394241646,0.15863145771107692,0.285516609698534,0.02942954533694093,-0.014483402222394914,0.02384388968348502,0.0,0.0
Hexapod flat,2:3,4.349388479713854,2.020739697913074,3.8514661131503902,21.585611041867978,8.646409710248367,73.5,97.5,100.0,100.0,100.0,4.349388479713854,3.8514661131503902,2.9501173615455625,2.3034592866897583,2.27577576293252,0.6585136176155808,2.1784644765389034,0.12395724916476582,0.2532080753710356,0.04538782250832337,0.2901880556344986,0.02014129069582457,-0.00981195628643033,0.017808263699213654,0.0,0.0
Hexapod flat,3:1,41.777422682456915,19.488637449582686,36.9532956087463,21.761040868733403,95.8091620604196,27.833333333333332,43.666666666666664,53.0,65.0,83.16666666666667,41.777422682456915,36.9532956087463,14.058329677581773,3.4933958053588867,5.818296802989342,4.739804853690924,3.3794965723480486,0.5038742455793372,1.1444318986197328,0.2763730064247536,0.24830718754325062,0.1036762139282098,-0.05169282437767831,0.07734267494486025,0.0,0.0
Hexapod flat,3:2,3.614678822126792,1.3391729553888867,3.357457190000631,13.725681311205472,7.17273334662116,80.83333333333333,100.0,100.0,100.0,100.0,3.614678822126792,3.357457190000631,2.8326746463775634,2.3368239402770996,2.223689585750969,0.6324267179189949,2.1318991912081886,0.1242127231642686,0.2515295630211251,0.04274475885375691,0.29162792513767877,0.018537421931354138,-0.008372086783250143,0.016632518966992686,0.0,0.0
Hexapod flat,3:3,60.46279057344066,55.46704570497543,24.065657786354222,84.15766843591472,134.19603059689203,4.0,10.666666666666668,20.0,31.833333333333336,50.16666666666667,60.46279057344066,24.065657786354222,30.20826349258422,12.799773216247559,17.11775589886896,16.466717092050484,4.768487438356348,0.5388031043132162,1.0813992000578585,0.2287755421811829,0.11913962451585877,0.10372795220437686,-0.18086038740507016,0.18498939267825334,0.0,0.0
Hexapod flat,3:4,19.413349492213875,10.717995098607892,16.18649806391296,30.480786014521694,10.126517415046717,70.0,94.0,97.0,97.0,97.0,19.413349492213875,16.18649806391296,2.9214955329895016,2.444845676422119,4.077569275083719,2.705534985142299,3.0686807979421995,0.3647962984169062,0.2870870866138815,0.1163737580923626,0.2950746801868081,0.05210068968880349,-0.004925331734120816,0.022009216609100494,0.0,0.0
Hexapod flat,4:1,4.552431999691111,2.6113348180801843,3.7290169722989646,32.90320354140953,9.870385726292906,75.66666666666667,95.16666666666667,100.0,100.0,100.0,4.552431999691111,3.7290169722989646,2.9509558558464044,2.315874695777893,2.2672129811961677,0.7118535320148379,2.152616904258298,0.13042303358076032,0.25454319682336674,0.04375140798764178,0.28911661508182684,0.01843838531217204,-0.010883396839102078,0.016981133992473273,0.0,0.0
Hexapod flat,4:2,28.55615290834079,13.669335505335017,25.071959152948693,22.913709809708823,64.96622602144873,36.0,74.33333333333333,84.5,89.66666666666666,90.83333333333333,28.55615290834079,25.071959152948693,9.748639392852768,2.358457088470459,4.18129302127714,3.4824891104248623,2.316049814177035,0.38212962547660945,0.8512953598657292,0.20427780828813802,0.27705024981560805,0.05074043454262774,-0.022949762105320865,0.032140156884367256,0.0,0.0
Hexapod flat,4:3,21.025009711407556,10.208020478367892,18.380624344075038,23.572771970151468,18.73806456724812,61.0,83.5,91.66666666666666,95.66666666666667,97.83333333333334,21.025009711407556,18.380624344075038,3.5776794314384355,2.348312497138977,3.102869112783314,2.227407137194875,2.1618763038933593,0.2742449470702623,0.2939569517095297,0.14510898039128217,0.28257988803088663,0.04094884768023238,-0.017420123890042275,0.027549654021859157,0.0,0.0
Hexapod flat,4:4,29.02839453945345,20.50381851145381,20.54850641743908,49.89114416026559,32.645542234182365,27.166666666666668,61.33333333333333,85.66666666666667,90.5,94.0,29.02839453945345,20.54850641743908,14.525704479217525,2.438553214073181,5.586941946470653,4.609722838003261,3.1621674729054394,0.40249564710060903,0.7927805911255218,0.1668519965954698,0.24407000974286347,0.08197154766991342,-0.055930002178065465,0.061633190358988926,0.0,0.0
Hexapod flat,5:1,12.365620776937892,4.953072449629729,11.330297900221202,16.044179561848264,16.729820311069403,66.5,86.66666666666667,93.5,95.33333333333334,96.33333333333334,12.365620776937892,11.330297900221202,3.7719650983810427,2.2261589765548706,2.5718502137841424,0.9547635868257779,2.3884437669768803,0.2539293900807357,0.33335975675980534,0.11460010650626475,0.269914962403127,0.06904012762307837,-0.03008504951780193,0.03937504395629123,0.0,0.0
Hexapod flat,5:2,3.3076601757286617,1.1614081860117604,3.097054546430565,12.329004093513728,6.5394722223281345,85.66666666666667,100.0,100.0,100.0,100.0,3.3076601757286617,3.097054546430565,2.8295634031295775,2.371245861053467,2.2541353846264953,0.6646631283547139,2.1539584191025454,0.12571599122415078,0.2524036285142361,0.040924105168814916,0.2914218566318353,0.017490170050136197,-0.008578155289093621,0.015815119395653394,0.0,0.0
Hexapod flat,5:3,37.60988977518325,28.21063254891956,24.8729576064302,56.26282402365846,97.59469668070446,13.0,41.0,65.83333333333333,78.5,88.83333333333333,37.60988977518325,24.8729576064302,17.80432090759277,2.5058499574661255,6.783965068263174,6.062067047363336,3.0657466471824346,0.48554298504632143,1.0818595496385326,0.23054956800871035,0.24130622307304292,0.09428780939310505,-0.058693788847886,0.06472280293858299,0.0,0.0
Hexapod flat,6:1,25.625929547351113,18.895481913207973,17.310373434257084,54.36966909134932,43.857590258121185,34.66666666666667,68.83333333333333,84.83333333333334,89.66666666666666,92.5,25.625929547351113,17.310373434257084,11.478076362609816,2.4561879634857178,5.663986917062488,5.143473714554205,2.386204302987842,0.3531049319032737,0.5835095500482539,0.1454120296850603,0.2772717683739029,0.06722835837524462,-0.022728243547026045,0.04300910420948639,0.0,0.0
Hexapod flat,6:2,4.298430457462495,2.071583516790344,3.7663040411793345,23.22657021414348,8.5403478145599,77.33333333333333,98.5,100.0,100.0,100.0,4.298430457462495,3.7663040411793345,3.0089601635932914,2.368851065635681,2.3538162254160517,0.6913958974320665,2.250032732083831,0.13041911226102995,0.2550956580056398,0.04475959925794276,0.2923721978565057,0.018188142070499215,-0.0076278140644232125,0.015865516910950336,0.0,0.0
Hexapod flat,6:3,30.878383212516407,22.720658037487343,20.91043395442995,54.14180187131653,46.34302328030251,26.666666666666668,65.33333333333333,88.33333333333333,91.5,94.33333333333334,30.878383212516407,20.91043395442995,14.691531801223755,2.3748708963394165,5.442562489066043,4.569888517797001,2.9609425270573553,0.36864961362008625,0.7103001407270791,0.15435177856532417,0.26268013974806914,0.07284596067494678,-0.037319872172859786,0.04361949631789077,0.0,0.0
Hexapod flat,7:1,35.59320016788832,20.370803372356676,29.187433394461863,32.75534964613684,80.9970244765278,36.5,61.5,73.0,83.0,87.33333333333333,35.59320016788832,29.187433394461863,14.218855476379385,2.6786060333251953,5.535491055295145,4.653976986680493,3.000283813953871,0.401155747546609,0.9534277341036947,0.20381445404666657,0.2604754771059379,0.06427082419152104,-0.03952453481499103,0.05318330762131761,0.0,0.0
Hexapod flat,7:2,27.037787503306394,16.543378945496325,21.38594319032154,37.437439230878944,43.23280420899388,35.66666666666667,69.5,83.66666666666667,88.5,91.5,27.037787503306394,21.38594319032154,7.617137742042536,2.359454393386841,4.454424121632378,3.7832086470622874,2.3528690888207633,0.3623085844190603,0.6230656191057884,0.17617327270132976,0.2622764293391568,0.06497126368225985,-0.037723582581772136,0.04636288274933273,0.0,0.0
Hexapod flat,7:4,23.992285272274405,13.896886903688639,19.55776794453504,33.549945037803504,53.194486796855784,68.83333333333333,84.83333333333334,88.16666666666667,92.5,93.16666666666666,23.992285272274405,19.55776794453504,7.37640731334686,2.4157720804214478,4.205179572919282,3.467941988449727,2.3795556113005443,0.3154522217629772,0.5591226132383227,0.15287853943228283,0.2818874155605833,0.03669465717365109,-0.01811259636034565,0.02607640255242585,0.0,0.0
Hexapod flat,8:1,44.54372122830432,24.269224590609785,37.35167785569251,29.685120089005437,118.20473512013736,13.166666666666666,32.0,55.166666666666664,68.0,75.83333333333333,44.54372122830432,37.35167785569251,18.214376735687253,2.9947359561920166,7.612480428390559,6.8361165970185045,3.3632917804866125,0.559351231366427,1.1997571338807018,0.2824866645617345,0.253391416829545,0.10050235110085272,-0.04660859509138388,0.07118011180389051,0.0,0.0
Hexapod flat,8:2,5.872174447014464,4.131736128461749,4.172671722162378,49.50707383626549,11.978829801082501,66.5,91.83333333333333,98.33333333333333,99.0,100.0,5.872174447014464,4.172671722162378,3.1276347398757935,2.4182395935058594,2.4517118983359265,1.0624804768569114,2.2096496916379476,0.13704298933260717,0.269876528617224,0.050655672490554686,0.2883418279637893,0.02258416100302357,-0.011658183957139622,0.01883023234705129,0.0,0.0
Hexapod flat,8:3,43.4770795248765,18.496717028949192,39.34625653303522,18.099583362497896,116.07096940278994,29.833333333333336,52.0,63.66666666666667,69.5,77.16666666666666,43.4770795248765,39.34625653303522,17.21685218811035,3.261232018470764,7.460929232718444,6.481691221377345,3.705260656919619,0.5778976437489207,1.2849978214307154,0.2912093588578143,0.2330480457454299,0.10993939692610966,-0.06695196617549903,0.08638004957543065,0.0,0.0
Hexapod flat,9:1,4.878386704401356,2.3731423479618274,4.262259052895558,23.66438006187414,9.883345663547516,70.16666666666667,95.5,99.83333333333333,100.0,100.0,4.878386704401356,4.262259052895558,2.999300622940063,2.3153674602508545,2.308814127370373,0.7029718214875011,2.1992477690186822,0.13065409070692804,0.26065508084029265,0.04617417109997241,0.2906307122359673,0.01928547243786565,-0.009369299684961608,0.01696639167765775,0.0,0.0
Hexapod flat,9:2,28.048117290516977,17.647237762397193,21.800731246910498,39.58640324596059,34.8770456016064,32.666666666666664,69.83333333333334,84.33333333333334,89.83333333333333,93.16666666666666,28.048117290516977,21.800731246910498,7.048347163200377,2.5515960454940796,4.602065211664635,3.8848614051922286,2.467868370772748,0.35958156376128747,0.790777427636067,0.17094343367369497,0.27492423536876837,0.052544407179303115,-0.025075776552160558,0.038703299636642124,0.0,0.0
Hexapod flat,9:3,5.253460254716551,1.2210264360400567,5.109592849765803,5.402057863399929,10.73408057292302,73.83333333333333,94.0,97.16666666666667,99.5,100.0,5.253460254716551,5.109592849765803,3.389174890518188,2.3610711097717285,2.5282654767466637,0.9591547020590241,2.339450380432444,0.20201520612510304,0.32031840844549186,0.05998784068129853,0.28383452652953567,0.04281852816060481,-0.016165485391393276,0.02432219387032091,0.0,0.0
Hexapod flat,10:1,3.6821802520248395,1.5468008715212453,3.3415353465529627,17.646505962002976,6.876896023750233,80.0,100.0,100.0,100.0,100.0,3.6821802520248395,3.3415353465529627,2.7630291581153856,2.284004807472229,2.169220269192534,0.6232068301194753,2.0778140238962957,0.1253409108161472,0.24671921851279735,0.04376466487832016,0.28977499157190323,0.018977874791362592,-0.010225020349025695,0.01767534315586089,0.0,0.0
Hexapod flat,10:2,12.900707954393535,6.158233325406553,11.335979359296877,22.78689712053706,25.521114766597563,65.5,87.33333333333333,93.16666666666666,94.0,96.16666666666667,12.900707954393535,11.335979359296877,3.5680020213127133,2.351685404777527,2.4181795382518443,0.9047338932479578,2.2427091501620637,0.22634078259162932,0.3326511626450441,0.1337115771980335,0.29124239429831505,0.05106953883796851,-0.008757617622613878,0.02962192023793855,0.0,0.0
Hexapod flat,10:3,37.07981549825623,20.284567778519545,31.039475308441823,29.926531681517577,96.77829404671982,32.83333333333333,53.833333333333336,66.5,74.33333333333333,86.0,37.07981549825623,31.039475308441823,16.16254644393921,2.941378116607666,6.192524825680086,5.4006540311177735,3.0349909101540216,0.5044610692935823,1.091285351562305,0.24503138913840358,0.24714039793082823,0.07093492201257516,-0.052859613990100696,0.06347994356881825,0.0,0.0
Hexapod flat,11:1,28.258771848384686,19.262485030685966,20.67643240072276,46.46415701275829,41.4775802691777,38.166666666666664,76.5,88.33333333333333,92.33333333333333,93.5,28.258771848384686,20.67643240072276,13.908215522766112,2.503974676132202,5.454310894139574,4.605964382929472,2.9275976382698974,0.3812967273433646,0.7196370735176769,0.1647691593646583,0.2681620072975056,0.06485337831231848,-0.0318380046234233,0.03785065922595093,0.0,0.0
Hexapod flat,11:2,27.773208586264456,18.11925532673526,21.048603316627197,42.56264198444161,48.44211836655945,53.5,80.16666666666666,86.5,89.5,92.5,27.773208586264456,21.048603316627197,9.173797035217286,2.3372846841812134,4.7050235389644435,4.02820586589971,2.433588804626215,0.3417802785627787,0.7139754270515674,0.15552949202308328,0.27531577485613523,0.058627500887148944,-0.024684237064793675,0.034422126235440366,0.0,0.0
Hexapod flat,11:3,27.799123679334805,14.6311315785864,23.637285505511095,27.70088347878895,62.26775136589999,67.66666666666666,85.5,87.83333333333333,88.5,91.66666666666666,27.799123679334805,23.637285505511095,7.400696468353268,2.476780652999878,4.020131060451173,2.894211269687421,2.7928295603759574,0.33835260708954573,0.8308649892987205,0.18896552307362088,0.28310722650339204,0.0476685806827553,-0.016892785417536867,0.03319267500191926,0.0,0.0
Hexapod flat,12:1,18.76756433702916,9.965102813446418,15.90340205936991,28.193418691903116,35.878809491793184,64.66666666666666,82.83333333333334,86.66666666666667,90.83333333333333,93.33333333333333,18.76756433702916,15.90340205936991,4.807944345474241,2.2922167778015137,3.237245483947155,1.7255874398874977,2.7424573106381875,0.3251412217558858,0.45339196343408283,0.1602622593213203,0.28146495775009195,0.0381699895241004,-0.01853505417083698,0.026969263795763244,0.0,0.0
Hexapod flat,12:2,32.19364739602267,22.47566979558545,23.049407799317656,48.73993209214473,53.2382501165069,33.33333333333333,49.0,59.833333333333336,67.66666666666666,81.16666666666667,32.19364739602267,23.049407799317656,15.640386343002321,9.368063926696777,9.897722444906101,9.310644736535238,3.378818576105952,0.48611558891379086,0.9632369866679636,0.2014973800564634,0.19749302397753732,0.0953583039127469,-0.10250698794339161,0.11403794248316747,0.0,0.0
Hexapod flat,12:3,43.600243165271024,28.25790005046201,33.203498141142624,42.005092609646695,107.14684565862015,18.5,30.333333333333336,48.0,54.666666666666664,65.83333333333333,43.600243165271024,33.203498141142624,20.196348381042426,3.8884905576705933,9.027480294953962,8.144516671836001,3.921091733990591,0.6064666935067857,1.3419737722667104,0.2649904237322741,0.18333360376622296,0.13413279286580534,-0.11666640815470601,0.1340332504842081,0.0,0.0
Hexapod flat,13:1,24.244091258167206,14.144518148304549,19.690316586754584,34.0380360792037,46.50724043448752,40.33333333333333,74.66666666666667,88.33333333333333,90.33333333333333,93.16666666666666,24.244091258167206,19.690316586754584,7.321088361740111,2.4799790382385254,4.321867041722905,3.5268491876212353,2.4990767355500396,0.3349403013126732,0.5651862133746711,0.15465597182419313,0.26909543576456296,0.061291666342253595,-0.030904576156365972,0.040642508540380116,0.0,0.0
Hexapod flat,13:2,26.264467620255264,8.544731176014112,24.83565639368305,10.584238168314942,68.68333876132967,64.33333333333333,83.5,87.5,88.33333333333333,89.5,26.264467620255264,24.83565639368305,6.307501506805418,2.365957498550415,3.28246974192678,1.861285917371423,2.7056264887632815,0.3948153796051949,0.6707560151643048,0.20399897657967417,0.27939801197499037,0.07601975850690873,-0.02060199994593856,0.04088714260607957,0.0,0.0
Hexapod flat,13:3,29.604566469484507,12.989218260205645,26.60283001552404,19.250792705413968,72.91551321744912,47.66666666666667,73.66666666666667,86.33333333333333,87.83333333333333,90.83333333333333,29.604566469484507,26.60283001552404,7.771042799949639,2.431397795677185,4.175582155038384,3.246635173663676,2.628786113483733,0.37351952467425376,0.9318036082153244,0.20875143932543255,0.2751888278111195,0.07497371463174539,-0.024811184109809467,0.03893343717015038,0.0,0.0
Hexapod flat,14:1,30.40925068205968,14.775461798318537,26.578341853674335,23.608624746210026,79.01926030715308,56.833333333333336,78.16666666666666,84.33333333333334,86.33333333333333,90.5,30.409250233040396,26.578341506437297,9.212700033187858,2.4468865394592285,4.657936923927179,3.685441438069841,2.8536339281122647,0.40606557969774776,1.096248945160775,0.21010245571598724,0.2768964820106824,0.05954982307826161,-0.0231035299102465,0.03416414320468902,4.862641593027281e-06,0.00011920928955078125
Hexapod flat,14:2,20.476612784627545,11.360661675056651,17.036051110409105,30.781587754124732,40.89892397324234,54.666666666666664,72.66666666666667,85.5,86.83333333333333,92.5,20.476612784627545,17.036051110409105,4.800372910499566,2.4751574993133545,3.2659179343225837,2.2923881963610104,2.328393071939585,0.31308119433735443,0.4103283299061142,0.16120893143242465,0.27621293753385545,0.05115026717712048,-0.023787074387073493,0.04137255072593688,0.0,0.0
Hexapod flat,14:3,4.239562922581726,2.238708240717932,3.6002887644564465,27.883855607072064,8.623395363489855,75.66666666666667,97.66666666666667,100.0,100.0,100.0,4.239562922581726,3.6002887644564465,2.9445186853408813,2.320518136024475,2.280810419517217,0.7077605189358719,2.168268058780651,0.126364451565159,0.2524125912881352,0.0439324756834255,0.29110184773802755,0.01806369171805536,-0.00889816418290135,0.01634660060207048,0.0,0.0
Hexapod flat,15:1,26.42796709108828,11.351718397031584,23.86579003515576,18.449971657128824,38.87385267019224,61.16666666666667,84.66666666666667,91.5,94.16666666666667,94.66666666666667,26.42796709108828,23.86579003515576,9.07702827453613,2.3775930404663086,4.302635123259667,3.4022365881708945,2.6380356204334814,0.3523640853229837,0.9146506450143671,0.17369418244994977,0.28428586527336547,0.044146644262382975,-0.015714146647563484,0.02485229328643374,0.0,0.0
Hexapod flat,15:2,5.453290257901154,2.1232101484442403,5.0229825106666475,15.158936523921483,11.15343719720826,71.0,92.5,98.0,100.0,100.0,5.453290257901154,5.0229825106666475,3.3346574425697324,2.384949564933777,2.429940367495086,1.1764866333558137,2.1262552605188074,0.14321856748349454,0.27240385734480704,0.053055723386614566,0.2892866862316926,0.03280645576237532,-0.010713325689236294,0.021723137845595673,0.0,0.0
Hexapod flat,15:3,3.6063375510173024,1.5764219014535636,3.243541971440327,19.10786533682646,7.004630565643407,81.83333333333334,99.66666666666667,100.0,100.0,100.0,3.6063375510173024,3.243541971440327,2.766845190525055,2.2742152214050293,2.1546453072710814,0.6438926381268001,2.056227437796493,0.1252313260018418,0.24758983925408545,0.04241916389222968,0.2903555928170681,0.019206967880335973,-0.009644419103860824,0.017140051573514926,0.0,0.0
Hexapod bumps,0:1,11.257997628338448,5.568601233752987,9.78433395275932,24.46639217878569,20.026817917823767,30.666666666666664,58.166666666666664,80.0,94.83333333333334,100.0,12.574839644013773,10.496139334667594,4.483241486549377,2.513878583908081,2.8171808768271727,1.8848204187967192,2.0941422420678495,0.2878782629413135,0.5429127157584716,0.09236463595765818,0.3505916650344928,0.06439417728755525,0.05059165311356388,0.06652988361815614,4.0934065681763085,27.690650895237997
Hexapod bumps,0:2,32.58661773960278,28.243565905634878,16.253880787093703,75.12084830996933,96.75168544054024,2.666666666666667,16.5,89.66666666666666,91.33333333333333,91.66666666666666,35.95238847722389,17.476162709055767,47.651217842102035,42.927106857299805,43.403994688917805,9.265348962802564,42.591309819472535,0.1907651758154268,0.4292025603274562,0.06769622973930317,-0.03414950249575967,0.12567911237562,-0.33414951441668855,0.33414951441668855,4.0941598764572635,21.6585416346789
Hexapod bumps,0:3,12.34001394885409,7.266718745164995,9.973502039734147,34.677310049639125,23.90257269144062,31.833333333333336,57.49999999999999,75.83333333333333,88.16666666666667,99.16666666666667,13.669629778482,10.983199207538448,4.713499903678894,2.8756905794143677,3.060350014467648,1.5682344028988071,2.628212144207248,0.2923114310207837,0.5842321592076405,0.09812933322914347,0.33311191068341334,0.07790289732560385,0.03311189876248442,0.06442133748282991,5.66894284659686,28.091074898838997
Hexapod bumps,1:1,13.137201087656317,8.811197725676294,9.744169900846106,44.98463477983958,25.74054310719173,22.166666666666668,52.0,75.33333333333333,86.16666666666667,98.5,13.645185114550667,10.35979245637112,10.126104307174682,3.3616385459899902,4.438676725019588,2.17148926380528,3.8722860982385794,0.3482944324295436,0.6694171602498815,0.09550462384545559,0.2931987800115409,0.10353829769947263,-0.0068012319093880315,0.0725470092978018,4.455547031331502,22.529961541295
Hexapod bumps,1:2,12.752854115514934,6.6262048583029705,10.896269878605628,26.996964397706233,25.500980118910398,27.0,55.833333333333336,75.83333333333333,88.5,98.5,12.760795930374409,11.073453994603323,4.6938523769378655,2.656114101409912,2.9029668253977867,1.4461208824576477,2.517290470736041,0.29148767849786267,0.536599968077849,0.09568109507000326,0.3419783235217134,0.07246975287855074,0.04197831160078448,0.06505200379838548,4.410177750936839,23.048641160130504
Hexapod bumps,1:3,0.9045403047594719,0.5105174811662732,0.7467027951990016,31.854103698647712,1.7481378912927668,100.0,100.0,100.0,100.0,100.0,1.184473976496532,0.8085086320326462,4.336180734634399,4.120866298675537,4.154575822195787,0.06308999897332451,4.154098253045774,0.024937249183737097,0.03310168191580821,0.02317955469095828,-0.008576222964384171,0.004288200804033864,-0.30857623488531305,0.30857623488531305,0.7674570524895884,3.1424760818482
Hexapod bumps,2:1,14.19813959910859,8.082546893247883,11.673028904025914,32.40660846874676,25.58603256940845,19.333333333333332,44.166666666666664,68.16666666666666,85.0,97.66666666666667,14.901068116936036,11.499666262078243,4.819467592239378,2.9993414878845215,3.1361026597822543,1.702390509464984,2.6341712086988327,0.3117667908985514,0.5963091602301631,0.1038184944158166,0.34669693244000277,0.06564285290429737,0.04669692051907383,0.06348306653400265,5.333631564399537,23.100497201085098
Hexapod bumps,2:2,12.818310836999235,7.102567383162749,10.670643339628812,30.702173932757596,24.7737345099451,31.833333333333336,57.99999999999999,75.16666666666667,87.66666666666667,98.0,13.148385936093158,11.083990602622933,4.731622266769409,2.945435404777527,3.1308095271893874,1.8277565660527324,2.5424384300589558,0.29079675625759355,0.6042283646783763,0.09933098553090704,0.3430754522358378,0.07684552620333958,0.04307544031490885,0.06794571142643692,5.9645835637616695,26.280881837010405
Hexapod bumps,2:3,11.64844447403471,7.224344473435878,9.137565627332384,38.46458262206705,24.135871926943437,34.833333333333336,61.16666666666667,80.83333333333333,89.83333333333333,100.0,10.762825614751245,9.326740912549344,4.779887294769287,2.899820327758789,3.076626425098557,1.5418572289644266,2.662622552265937,0.2864097058270111,0.541406128641305,0.08403941787773973,0.348555196300149,0.05499002973893224,0.04855518437922003,0.05848077518244587,4.387772449636881,22.054435685277
Hexapod bumps,3:1,14.481953258712913,8.174472196324235,11.954286867022542,31.86142231908623,27.208542625109317,25.5,50.5,67.33333333333333,79.66666666666666,97.83333333333334,16.573185467647637,12.642320210856147,4.407954478263853,2.482537269592285,2.721688561309571,1.584715706027577,2.2130748995876113,0.28381472836775756,0.5475449301189128,0.10424797336013801,0.34259715807934604,0.06301468506732227,0.04259714615841709,0.05818951375782492,6.544512157995709,31.577946618199306
Hexapod bumps,3:2,14.242266888336244,9.98348728473828,10.157369135463577,49.13673536016927,28.859959940115626,26.666666666666668,50.0,69.83333333333334,85.5,95.83333333333334,15.012839261812282,10.864248058227192,5.002096962928771,2.599880576133728,2.890048561345001,1.6203729418942283,2.3933848257379666,0.3151911428339215,0.5991313422724119,0.09617287636998603,0.3363733704512318,0.06982583173969141,0.036373358530302866,0.06070629242807629,6.693745410756215,31.595828011632
Hexapod bumps,3:3,20.795207885642636,17.133728270090344,11.78456730532779,67.88553069016893,40.98378678162892,20.333333333333332,36.666666666666664,50.5,65.66666666666666,87.83333333333333,19.251876746665914,12.263357806858634,12.354598999023436,4.707484245300293,6.559531580174155,4.869065837658863,4.402875985300921,0.42095153947114233,0.7088811194062836,0.0975148501022341,0.23168837091264624,0.19426214240549022,-0.06831164100828269,0.11276783803167442,5.22039865183392,30.161740258336096
Hexapod bumps,4:1,13.161549492671117,8.835283617679098,9.755211347951551,45.06371046372869,25.591438502073306,32.166666666666664,54.666666666666664,71.5,86.83333333333333,98.66666666666667,14.34346971255252,10.39829671135547,6.22052581310272,3.2979984283447266,3.673561450878107,2.126306012564874,2.996168027475671,0.29847172503445923,0.5447319469694412,0.09518441631735326,0.32910153657197955,0.0709568790153715,0.029101524651050602,0.059907024105389936,4.6873848785228365,22.7251071482897
Hexapod bumps,4:2,29.24046134024191,26.21527364949838,12.952374565001492,80.37858382094834,69.39084430535618,17.166666666666668,28.666666666666668,46.166666666666664,61.83333333333333,81.0,28.45774318864863,12.665059114960341,22.750633716583256,15.440949440002441,16.957933600555045,14.697533377316542,8.572380376824723,2.192490140904116,2.822074174175663,0.245864102424444,0.018235732702693592,0.2299615582069601,-0.2817642792182354,0.3148181522008963,4.779116319136962,21.5251464396715
Hexapod bumps,4:3,14.53013008032401,8.708442065116413,11.631324814897384,35.92046327658144,23.163969715436252,18.333333333333332,41.66666666666667,61.83333333333333,84.0,98.16666666666667,16.41482248507702,12.273116666671937,4.352383661270141,2.941943645477295,3.0024801628895075,1.3984146277439176,2.6572401779225294,0.2906861254396366,0.5825906219293582,0.09173383280031175,0.3403004614263773,0.06265608322812645,0.040300449505448366,0.05460720124344033,5.6563279869515535,25.136949494481097
Hexapod bumps,5:1,13.324527919397857,7.445837919716589,11.050001898104973,31.226513296051714,25.85961419343961,29.833333333333336,54.0,71.5,86.0,98.66666666666667,14.56161052815901,11.438349573499016,6.390184879302978,3.068702816963196,3.6468257593772644,1.6398766257933821,3.2579538501321332,0.31651638226654977,0.6107465032878239,0.10226752745242396,0.3190687728684861,0.09328176277070058,0.019068760947557193,0.06686927887184237,4.845608719123806,28.386237099766703
Hexapod bumps,5:3,14.107339487941942,9.575447022030982,10.3599151423322,46.071025608535905,25.76054915785797,28.999999999999996,48.833333333333336,71.33333333333334,85.0,97.83333333333334,16.646986377798097,10.58017916329836,4.343452978134155,2.7288942337036133,2.931910128515373,1.3805042013912134,2.586769178093425,0.2863117062316933,0.6114596351466326,0.08920165356610905,0.33549836073070766,0.08037429867920527,0.035498348809778715,0.06951971666266524,6.258646598967338,35.7515830546618
Hexapod bumps,5:4,14.728178663371926,8.773914241362174,11.829525587504603,35.48858493270349,31.08975301186226,27.166666666666668,53.5,75.66666666666667,85.33333333333334,93.66666666666667,16.95993846456883,12.782976427922948,5.590283966064448,3.1828770637512207,3.479344597694439,1.775221824469278,2.9927351567837417,0.30110866192123764,0.5965282398410892,0.09626908395247546,0.3334524398917953,0.08032730096508067,0.03345242797086639,0.06683658740172785,4.619699133979669,29.7108907252551
Hexapod bumps,6:1,26.92859727381461,14.702204519221132,22.560907193867212,29.80831705725086,32.373315691948,28.166666666666668,53.666666666666664,70.0,79.0,92.83333333333333,26.275561627554673,21.671331358736285,5.8523085594177235,2.685875654220581,3.799330621361088,2.161325778842678,3.1256022275304747,0.46217771562852267,0.6997913701171121,0.1787275809986683,0.2945537652731097,0.14611135980279732,-0.005446246647819232,0.09156531054177322,5.260623389184948,24.612547829747204
Hexapod bumps,6:2,13.582620004626643,6.761807102954597,11.779878220614872,24.783261138833748,26.757867534955345,26.0,55.833333333333336,77.16666666666666,85.83333333333333,96.66666666666667,14.148595693349613,12.02886455820494,4.180617666244506,3.032378077507019,3.036145500228135,1.6051150321743568,2.577407742784262,0.2815618085346887,0.5200893020919032,0.10350498603029368,0.3549415100365877,0.06769621354267184,0.054941498115658786,0.07086364688972635,4.946813539422371,27.398111298680305
Hexapod bumps,6:3,12.69949042865394,8.074107941774457,9.802338399180456,40.42188033962822,23.513533075650514,25.166666666666664,53.666666666666664,75.0,86.66666666666667,99.66666666666667,14.044497597087068,10.746914179934208,6.747498464584348,2.7134265899658203,3.4711572612505806,1.5088127361086503,3.1264131440188008,0.323725250434031,0.6216106450230617,0.09782455552946247,0.32552283320575953,0.08565343226107158,0.025522821284830598,0.07144825723022225,5.28093736682946,24.398447945713997
Hexapod bumps,7:1,14.623221679952355,9.883667612904896,10.777371053213464,45.68252872164531,29.53228761752451,27.500000000000004,54.0,70.16666666666667,84.5,95.66666666666667,15.836651049556824,11.060387566789649,4.263216710090637,2.9044430255889893,2.991382506503559,1.5248892686805788,2.5737869970512848,0.2701914534841917,0.5538074801197012,0.09529397518184832,0.3366263171409567,0.0650107558759483,0.03662630522002779,0.05768001671880485,4.772991189540277,25.7016438990832
Hexapod bumps,7:2,38.25506167364795,23.127970303688347,30.47206480182002,36.55082879938879,70.03030379613251,23.166666666666664,39.666666666666664,55.833333333333336,66.83333333333333,85.83333333333333,39.128238355226365,32.0575443267304,8.118583250045772,3.135251760482788,4.743597705545224,2.12744635802815,4.240866966905988,0.5189169738861706,0.9912889022977822,0.2444638689534873,0.26410632516723126,0.24567441404030244,-0.03589368675369767,0.14399758064964166,5.2027863766699065,27.263166382908796
Hexapod bumps,7:3,13.701992827033997,8.841189570759346,10.467949866425009,41.63455563131281,27.56230652332288,30.5,53.333333333333336,72.33333333333334,83.66666666666667,97.33333333333334,14.306514498885166,10.329765641065942,4.41873276233673,2.7725855112075806,3.0085515574383095,1.870566197179781,2.356719409631045,0.28985855810686534,0.5354004374040717,0.09643908784207009,0.3286703255927811,0.09158380313836954,0.028670313671852174,0.07664601443645856,3.9964863354638864,21.521450951695403
Hexapod bumps,8:1,13.05712434852702,8.370093702280675,10.021478317490818,41.092783457387135,25.363909900188396,30.833333333333336,58.166666666666664,74.83333333333333,87.66666666666667,97.0,13.294323865311345,10.623397744533209,5.482512736320494,3.0461004972457886,3.4314839923866143,1.7737262757351,2.9378506259822394,0.29156484971670804,0.5531012231241437,0.09292033247733542,0.3270948324476679,0.07300704630841867,0.02709482052673899,0.062400298528373255,4.924341174617827,23.464562371373102
Hexapod bumps,8:2,12.80440766361316,5.873976362010025,11.377576952697043,21.044829119820665,23.490176300207906,29.666666666666668,52.666666666666664,72.83333333333334,85.83333333333333,98.83333333333333,13.86230392579211,11.91766385736019,4.756915092468262,2.797621965408325,3.0227065996735427,1.2620128785901268,2.746881189707076,0.30453913382042086,0.5783447346005216,0.1029257948198645,0.34200506852939727,0.07269566067867353,0.042005056608468316,0.06486388149981699,4.391576566446516,23.7046498805285
Hexapod bumps,8:3,12.259541638771113,8.359360348586765,8.967578031733991,46.49407669151843,24.90121281146992,31.5,62.0,77.66666666666666,89.33333333333333,98.5,14.382522741608566,9.754845032902763,7.456587195396422,3.1476187705993652,3.9771693644146158,2.4472172382935575,3.1362163226122184,0.31172727677843004,0.6026075559753259,0.09054149752752337,0.295619788877666,0.08114663330680727,-0.004380223043262932,0.05982905863473813,5.556764617563355,25.977971032261898
Hexapod bumps,9:2,13.586850734607433,8.317398874758938,10.74352776524831,37.47463832473586,26.395950555801353,25.0,50.33333333333333,73.5,88.16666666666667,97.0,14.91141748188781,11.824260587269169,4.667514514923096,3.0253024101257324,3.2108106088676758,1.5651782963489556,2.8038146688560275,0.28746812670173805,0.5871188654329602,0.09683721819217582,0.32624855170647304,0.07448373573964602,0.026248539785544103,0.05981867243846259,4.530291917501113,25.4545230418444
Hexapod bumps,9:3,14.509316002551829,10.006403653146332,10.50676623858199,47.562224374975,30.552582542101398,25.333333333333336,51.5,70.83333333333334,84.16666666666667,94.83333333333334,16.90951901582971,10.797189484710307,9.181661844253538,3.162792921066284,4.37586355731267,2.253993010366866,3.752388107814014,0.32268595886588336,0.6269713804561423,0.09652411556752795,0.3141149133661141,0.10345928898054917,0.01411490144518517,0.07722261744551362,6.072104219557978,29.833557084202695
Hexapod bumps,9:4,14.929267738379295,9.531516402075274,11.490571364435404,40.761202322909135,30.63501576582579,24.333333333333336,52.166666666666664,68.5,83.83333333333334,94.0,18.25619896806905,12.465293127146582,4.8789068222045895,3.039373755455017,3.2407758937419144,1.6347158135790036,2.7985472828042766,0.2951994596803792,0.5680092941564627,0.09423495650381114,0.3456546052545309,0.07039016800101808,0.04565459333360197,0.06274355776607993,6.354176677819083,35.954834893345804
Hexapod bumps,10:1,12.864193456969373,8.064513990990749,10.02252899159928,39.299884525785686,21.757896542549364,28.333333333333332,52.666666666666664,73.33333333333333,90.5,98.33333333333333,13.618479676996731,10.692829816874958,5.068239665031434,2.704396367073059,3.114275930183163,1.5333690933153128,2.7109684569790766,0.3187688833494494,0.6178154249980836,0.09982253973256588,0.3263811444863677,0.0745933404305308,0.026381132565438777,0.059077950951953756,4.385411133109734,20.530583336949398
Hexapod bumps,10:2,13.728441365490704,10.148003003363355,9.24597952460661,54.64100867218559,25.577453166246283,34.66666666666667,50.66666666666667,68.33333333333333,81.5,99.66666666666667,13.236248071538446,9.673906284847128,4.734409427642823,2.4908863306045532,2.7721275635271505,1.2098970306072352,2.4944101373416743,0.2793200021050206,0.5296083674799935,0.0868330645780179,0.33803783377011615,0.07183223106082727,0.03803782184918724,0.05982166409492495,5.897239058540547,27.7475137263536
Hexapod bumps,10:3,12.594637669673036,5.893108048427532,11.130865894435424,21.89361374013132,26.11969550450645,30.166666666666668,56.49999999999999,77.33333333333333,90.33333333333333,97.5,14.271957786647956,11.21564260132766,5.613232946395874,3.2247653007507324,3.4041600986942795,1.7575151586293303,2.9157591584406526,0.33487331745538323,0.6465938125137133,0.09968347209297679,0.3419819461057583,0.06914470400787541,0.04198193418482942,0.06350522401432199,6.812857079445686,36.338688805699405
Hexapod bumps,11:1,13.38305717869784,6.9594278136399295,11.431210957507114,27.041850161572324,26.467145591974276,33.33333333333333,55.00000000000001,73.83333333333333,82.83333333333334,98.66666666666667,13.939667882730012,11.643166658945677,4.351440978050232,2.321768879890442,2.8429922555233467,1.5126670336295123,2.407508327709003,0.30299693346235285,0.5805847672711298,0.09618441195281738,0.3469803527990977,0.06480630228892141,0.04698034087816877,0.06241369326909386,4.104417497015317,21.1366433650255
Hexapod bumps,11:2,13.600026222005651,9.508610695561014,9.72353001124098,48.882638791941645,24.476208388805475,20.666666666666668,47.833333333333336,70.5,90.16666666666666,98.16666666666667,13.695503442050327,9.900654538686013,4.49761071205139,3.2575632333755493,3.2112919779057343,1.8430591893334136,2.6300822264395882,0.2766790436558133,0.5587150580093596,0.08809212619440421,0.35053317800164224,0.05739981791071937,0.050533166080713295,0.05912103220820429,4.653823195081063,25.5347508937121
Hexapod bumps,11:3,13.23690173670476,8.211692360603658,10.38189174293303,38.48510286715598,25.88648965954781,27.833333333333332,52.0,71.66666666666667,86.83333333333333,98.66666666666667,13.91977211461278,10.73545960915399,7.4103703260421705,3.1861045360565186,3.7566127366264994,2.1279304595171804,3.096532825656133,0.31037475834123296,0.580220438913019,0.09565879090346847,0.3261580101943885,0.08192159398030766,0.026157998273459607,0.06503041155170651,4.837357440873555,22.910477593541103
Hexapod bumps,12:1,12.67962665207357,7.880735319943788,9.933123519465813,38.62963024715675,22.29462057352059,20.0,48.66666666666667,70.83333333333334,92.5,100.0,13.658503764475638,10.699102302380254,7.04236702919006,3.3748124837875366,3.829545400025882,2.210621390284726,3.1279995846733306,0.30625800488960664,0.6122219681265079,0.09620731113804906,0.303630769054095,0.08462526571686127,0.0036307571331660247,0.061670479774475095,4.3047321030735555,25.9066838771104
Hexapod bumps,12:3,13.988431733735213,9.216232934180242,10.523177888466103,43.4079054003468,24.32782888412475,18.5,40.33333333333333,68.0,85.66666666666667,98.83333333333333,14.214006889095602,10.910229584117149,4.8147362709045405,3.040729522705078,3.1340108252223744,1.7869275315789195,2.5751030452054633,0.286602727164384,0.5938509655340684,0.09108257977789906,0.35377376002569993,0.061121430038637264,0.053773748104771,0.06010257937014105,4.344869039383023,22.9928512126207
Hexapod bumps,12:4,45.421218049542574,42.52793220136514,15.95186609084287,87.66595758086483,89.52328542868298,6.833333333333333,14.000000000000002,19.5,25.0,41.66666666666667,44.50628817352526,16.807216002819764,18.772042465209964,4.20125412940979,9.672718723562722,9.194229876662288,3.0152017764351355,0.36532201061894676,0.7448809727566571,0.12045068409815896,0.26531514901900666,0.18879992901923576,-0.03468486290192229,0.12660665850853547,5.9713466015860055,29.6419877558947
Hexapod bumps,13:1,13.46804242233185,6.945489693342447,11.538992140104968,26.594803818069213,24.297643502553175,23.333333333333332,48.0,69.5,90.0,98.16666666666667,14.947435662062558,12.516972160571456,5.073161625862118,2.7894750833511353,3.153942409531889,1.7075823813335649,2.652114154499567,0.28693121597547955,0.5152265120787344,0.09556248408894805,0.3504236446321011,0.07267790802509808,0.050423632711172124,0.06983615115284922,6.204070486413779,31.532766297459602
Hexapod bumps,13:2,13.683832642496744,8.446953416118868,10.765512239265593,38.105239028907896,26.140526632467797,24.0,47.333333333333336,68.83333333333333,86.66666666666667,97.83333333333334,14.070505917033218,10.9695678230084,4.306079816818237,2.6419728994369507,2.768513312284538,1.336243320423664,2.4248991749021185,0.2677310148790902,0.505881571918969,0.09452006972080475,0.3476711941262086,0.060178764482706266,0.04767118220527969,0.05824546093742055,3.7262145434814538,20.608546212315503
Hexapod bumps,13:3,13.50531240727687,6.9146823588662185,11.600889237215002,26.21411495807308,26.806590646505356,33.166666666666664,54.0,73.83333333333333,84.33333333333334,97.33333333333334,13.162092407422131,11.505274511073095,9.932687234878536,3.7445214986801147,5.207659072486554,2.9238632754613736,4.311754200234953,0.35941762655879117,0.6880132714068073,0.09572661481076701,0.2558921535635212,0.10521511445649553,-0.04410785835740775,0.08445324879644128,4.681398215481728,26.348473504185698
Hexapod bumps,14:3,14.791055151682293,10.54072792358223,10.37633689416073,50.785869707731145,29.35567200183873,27.0,52.83333333333333,67.16666666666666,81.0,95.33333333333334,15.170522681342469,10.67688232562074,4.452033495903014,2.183370351791382,2.6947669011860924,1.2153421261900306,2.4053985363121058,0.29715924455733905,0.5726310098182095,0.10069325974500903,0.32571253282328444,0.07239740359203332,0.025712520902355537,0.05751113253335159,5.966965170623325,29.6380538493395
Hexapod bumps,14:4,12.986228953326435,5.804784523492366,11.616652661762654,19.98048819767557,24.169637411832944,27.166666666666668,51.5,72.0,86.66666666666667,99.66666666666667,13.053837926641744,11.759675708044574,4.457453322410583,2.723509669303894,2.9070512880454213,1.6902355221329628,2.365435907855552,0.2739269263559243,0.5263693441915569,0.0992465441574796,0.3695691983898481,0.05888078267538493,0.06956918646891914,0.07217740476131441,4.357905447426639,22.7274913340807
Hexapod bumps,14:5,14.209746838406227,9.28041172946675,10.760616308705174,42.654200636727055,27.777488797902997,25.333333333333336,49.0,67.66666666666666,84.16666666666667,98.33333333333333,14.551340931856414,11.050218309714692,5.282960629463194,3.131377100944519,3.48310567147924,2.088808506120535,2.7878673530964155,0.27850309697585474,0.5385694088860483,0.10059106577045927,0.3392769267906745,0.07884222279608394,0.0392769148697456,0.07131596150497597,6.319918292445339,27.029754593968406
Hexapod bumps,15:2,13.694953395337189,7.919079094416523,11.173179260928057,33.437072277399636,26.482366621494297,25.5,49.666666666666664,69.0,86.0,97.0,17.39203227836466,11.58624350991155,4.337059760093688,2.6789056062698364,2.8564405484315127,1.7830787793367417,2.231849581849989,0.2727134994874008,0.5239922166782036,0.0920358497052059,0.3446937829380234,0.07063098194949696,0.04469377101709448,0.0658601614708702,7.151579454902549,27.968527749180804
Hexapod bumps,15:4,14.903720562879752,10.199049102073547,10.867395457509478,46.83062640846885,30.928036967913457,26.0,47.16666666666667,72.33333333333334,85.66666666666667,94.0,14.834802643720414,10.796985704377047,4.861472487449646,2.8136743307113647,3.0791846783123287,1.395013414063196,2.7453112642239326,0.28270518800246286,0.563633336174572,0.09638971335039759,0.3478267276038726,0.06255107768330617,0.047826715682943687,0.05769434832036498,4.079600968910794,21.915318444371202
Hexapod bumps,15:5,13.80363799124923,8.1964352882794,11.106703847609666,35.25842485421538,25.80255250136064,24.166666666666668,51.0,69.16666666666667,85.33333333333334,97.66666666666667,15.387700680720299,11.211935980072063,5.008683633804321,3.342430591583252,3.4721099665761135,2.463811999685376,2.4472416480755865,0.2974655541982643,0.5357106630215945,0.09645497319620676,0.3216584633787473,0.07269877040537341,0.02165845145781838,0.05541957497596742,5.234228734903904,24.4832057505847
